seq_id,subset,regime,Rg_slope,physics_pred_slope,Rg_rel_change,physics_pred_relchange
kvar_0000,kappa_variant,salt_insensitive,0.0319906869276574,-0.28397838300814493,0.0089448716427793,-0.05800096272693893
kvar_0001,kappa_variant,salt_insensitive,0.1018238141374314,-0.30857300518041153,0.0296896282753375,-0.06149397193991926
kvar_0002,kappa_variant,salt_insensitive,0.0416798766510844,-0.3375873275567818,0.0089319848594931,-0.06884260698859253
kvar_0003,kappa_variant,salt_insensitive,0.057177198324543,-0.1827457715049844,0.0082492372070953,-0.03019065728521811
kvar_0004,kappa_variant,salt_insensitive,0.1112453206998151,-0.20473493293266054,0.0225919584617069,-0.036493560388894675
kvar_0005,kappa_variant,salt_insensitive,0.0058317838030245,-0.09418635779580098,-0.0028492224280121,-0.011489748193820065
kvar_0006,kappa_variant,PA_swelling,0.3427856902774296,0.01297514100597541,0.1001135755024852,0.015489572237320226
kvar_0007,kappa_variant,PA_swelling,0.3268320054048869,0.07457207867893434,0.0892312613387081,0.024470817423376284
kvar_0008,kappa_variant,non_monotonic,0.1577324868667258,0.0864220385988762,0.0486396472017035,0.028523544998692377
kvar_0009,kappa_variant,PA_swelling,0.1585932741316437,0.23361048574367327,0.0437726902360697,0.05805175926013084
kvar_0010,kappa_variant,non_monotonic,0.1367087892350994,0.2132349694872091,0.044554280138887,0.05998749524405575
kvar_0011,kappa_variant,PA_swelling,0.1197732403827231,0.10428302470607598,0.0369231852132957,0.03054078117543857
kvar_0012,kappa_variant,PA_swelling,0.1716290923293529,0.27553299999438213,0.0396878952410593,0.07198201300575299
kvar_0013,kappa_variant,PA_swelling,0.3011543632071422,0.41381151389663956,0.0790198019776363,0.10139830028917005
kvar_0014,kappa_variant,PA_swelling,0.3028991282854673,0.3825142037742176,0.088637143405251,0.0939988900579933
kvar_0015,kappa_variant,PA_swelling,0.1712684701018764,0.5285487193453771,0.041219998356,0.12806037148522692
kvar_0016,kappa_variant,non_monotonic,0.2738884557697941,0.6596091017190897,0.0791919026515231,0.1517597769840116
kvar_0017,kappa_variant,PA_swelling,0.6974088165761956,0.6184834298307273,0.2250272552226927,0.142672214764383
kvar_0018,kappa_variant,PA_swelling,0.4832649378305129,0.9147347984447801,0.1435924381889806,0.2081120128576545
kvar_0019,kappa_variant,PA_swelling,0.4413276271886615,0.7853484576566425,0.1350009917129744,0.17740380932609767
kvar_0020,kappa_variant,PA_swelling,0.5545164703688148,0.7078272810994836,0.1572649818334034,0.1689826615750812
kvar_0021,kappa_variant,PA_swelling,0.9415370766684436,1.0855773089776957,0.2947398140296401,0.2513848830668246
kvar_0022,kappa_variant,PA_swelling,0.9529664751663308,0.9079862517119663,0.3069098563417072,0.2095207736570861
kvar_0023,kappa_variant,PA_swelling,0.6394575913737643,1.0642157818453462,0.1891955844786057,0.23785387887332152
kvar_0024,kappa_variant,PA_swelling,0.9995923210517866,1.2151357845568542,0.3130137937618292,0.27273563746575313
kvar_0025,kappa_variant,PA_swelling,0.7817634219600657,1.240892636330989,0.2412376027345826,0.27839083792912744
kvar_0026,kappa_variant,PA_swelling,1.1134368235914285,1.4036259777776219,0.351123887618338,0.31249089024632776
kvar_0027,kappa_variant,PA_swelling,1.121759147398935,1.598197118587211,0.3527685355376386,0.3568792602995267
kvar_0028,kappa_variant,PA_swelling,0.889119118496311,1.5368934898251934,0.2849494143112044,0.3436333318251688
kvar_0029,kappa_variant,PA_swelling,0.6882143465363042,1.3923330610276057,0.220646343420304,0.3104897190518554
kvar_0030,kappa_variant,PA_swelling,1.228883787463639,1.4616521300429657,0.3820937001482919,0.33183704017877946
kvar_0031,kappa_variant,PA_swelling,1.2229546178018416,1.7604453216269813,0.3740828397180358,0.3913098939059596
kvar_0032,kappa_variant,PA_swelling,0.8756206780279662,1.6009144602055172,0.2648923552477364,0.3627917133575811
kvar_0033,kappa_variant,salt_insensitive,0.0789838880647315,-0.031036701840570835,0.0173311440163947,-0.003403560555920296
kvar_0034,kappa_variant,salt_insensitive,0.09150537843147,-0.0027593430752055337,0.0233697871546264,-0.0024236843214343468
kvar_0035,kappa_variant,salt_insensitive,0.0884254788365544,-0.09639781351072829,0.0239735865660923,-0.022518685640094044
kvar_0036,kappa_variant,non_monotonic,0.1713599999174767,0.057553782683496646,0.0370317601542342,0.03116967454428546
kvar_0037,kappa_variant,PA_swelling,0.1684808637481481,0.06785368198248432,0.0369986975830924,0.021541171949408633
kvar_0038,kappa_variant,PA_swelling,0.2019128460699483,0.05343186092134816,0.0545061846011132,0.023609473046505694
kvar_0039,kappa_variant,PA_swelling,0.2816201863546736,0.24012992388172616,0.0629354055891558,0.08010728819227737
kvar_0040,kappa_variant,PA_swelling,0.1931968999738728,0.17942730013532016,0.0464624639611729,0.05972946382556882
kvar_0041,kappa_variant,PA_swelling,0.4769050401957724,0.2409903186484625,0.1257666188506649,0.08744359806822602
kvar_0042,kappa_variant,PA_swelling,0.7719371472458527,0.5126305225782275,0.2449847635415919,0.14789009931059377
kvar_0043,kappa_variant,PA_swelling,0.561494829184727,0.40844499090313263,0.1651155448893256,0.12012215430371859
kvar_0044,kappa_variant,PA_swelling,0.2874027660193994,0.301641661932138,0.0772639498942904,0.10266652765717083
kvar_0045,kappa_variant,PA_swelling,1.3107779033858675,0.6097804388220005,0.4260039278590051,0.1852465920628813
kvar_0046,kappa_variant,PA_swelling,0.9109364153640364,0.6113832584554111,0.2965988592642949,0.1761002418324436
kvar_0047,kappa_variant,PA_swelling,1.0926685099065383,0.629703556963901,0.3685945479779381,0.19623267722199755
kvar_0048,kappa_variant,PA_swelling,1.0617147150534667,0.7837640128699327,0.3255279087685016,0.23351747117781516
kvar_0049,kappa_variant,PA_swelling,1.3150644188378795,0.6727909490698989,0.4093686524873798,0.21661623539964658
kvar_0050,kappa_variant,PA_swelling,1.1773934747116033,0.8444444603745416,0.3725297350620782,0.24134566387116174
kvar_0051,kappa_variant,PA_swelling,1.3920595560921438,0.8835381069997044,0.4240739097517737,0.26874053949332777
kvar_0052,kappa_variant,PA_swelling,1.2408853292886954,0.988790405630998,0.3638265152190379,0.2965108991213441
kvar_0053,kappa_variant,PA_swelling,1.0595686601672207,0.7828334495961158,0.3120857603262086,0.2433542819681733
kvar_0054,kappa_variant,PA_swelling,1.1545965460708452,0.9686261838806494,0.3253790352415083,0.3056879936426882
kvar_0055,kappa_variant,PA_swelling,1.5099699437857086,1.212537235143726,0.4536394689119719,0.3534392538730644
kvar_0056,kappa_variant,PA_swelling,1.4612718544936754,1.21235800951346,0.441234471695694,0.3461123699535674
kvar_0057,kappa_variant,PA_swelling,1.2994709759563094,1.1744274567785022,0.3816443481082147,0.3507762826950783
kvar_0058,kappa_variant,PA_swelling,1.1297377128934447,1.0024158382223074,0.3263189271376802,0.31909320699263133
kvar_0059,kappa_variant,PA_swelling,1.2147905277496254,1.1096915438235235,0.3332045557828731,0.35024222903777164
kvar_0060,kappa_variant,PA_swelling,1.4111169655874969,1.4301455882686323,0.4226272589465177,0.41334103068469785
kvar_0061,kappa_variant,PA_swelling,1.3502897636438933,1.2387011446400162,0.3878939441311181,0.4018440533870097
kvar_0062,kappa_variant,PA_swelling,1.2492985412490296,1.3644929471977028,0.3746635415951355,0.4255367461260128
kvar_0063,kappa_variant,PA_swelling,1.081051519555862,1.4790579617900175,0.3211789803757495,0.4533809253966239
kvar_0064,kappa_variant,PA_swelling,1.4554031174709643,1.4730254365584903,0.45706587584441,0.4510370290670763
kvar_0065,kappa_variant,PA_swelling,1.3760829560985497,1.4553054732267117,0.398131244210647,0.44516022139773403
kvar_0066,kappa_variant,salt_insensitive,0.0897150767821397,-0.11442621843377343,0.0155216179458413,-0.030212405494286332
kvar_0067,kappa_variant,non_monotonic,0.1702803132036577,-0.1339113907606052,0.030837282318508,-0.03438353639104669
kvar_0068,kappa_variant,salt_insensitive,0.0967195113156907,0.0022542924987047908,0.0190512456075409,-0.012247285219453577
kvar_0069,kappa_variant,salt_insensitive,0.0170272166747171,0.1225839253473619,-0.0037699883536323,0.014886881839080351
kvar_0070,kappa_variant,salt_insensitive,0.1335751471767216,0.12962697694107084,0.0211922421989848,0.01583937670194034
kvar_0071,kappa_variant,salt_insensitive,0.0787825103939668,0.19520502217570906,0.0106121179524116,0.0336112150631504
kvar_0072,kappa_variant,non_monotonic,0.2168561539167979,0.35137940966929404,0.0389049444821958,0.06379155546162132
kvar_0073,kappa_variant,non_monotonic,0.4083105209785902,0.41831973073754547,0.0875652740476655,0.07767082938448677
kvar_0074,kappa_variant,PA_swelling,0.7614500469572482,0.4971567090879153,0.1581481333513191,0.09560897639155297
kvar_0075,kappa_variant,non_monotonic,0.2347274185165052,0.4742935032471124,0.0431307019775511,0.09930369638712315
kvar_0076,kappa_variant,PA_swelling,0.6200321762205749,0.5874254041907382,0.1250724255248357,0.11055420513852518
kvar_0077,kappa_variant,PA_swelling,0.2616028070394473,0.42710169259343617,0.0534531768191284,0.0828263836105953
kvar_0078,kappa_variant,PA_swelling,1.2824382695433925,0.9303385423869327,0.2908210213354746,0.1832979129535699
kvar_0079,kappa_variant,PA_swelling,0.9453023048832006,0.7662467052220814,0.2108697623784392,0.14949830648743762
kvar_0080,kappa_variant,PA_swelling,1.0816548877720795,0.8671773300272821,0.2385220781912408,0.16946384717984989
kvar_0081,kappa_variant,PA_swelling,0.9963763853772148,0.9649165263061825,0.2138718896405314,0.19664835881101478
kvar_0082,kappa_variant,PA_swelling,2.027966131236267,1.1179705388534018,0.4664461447201206,0.22129118894091415
kvar_0083,kappa_variant,PA_swelling,0.8748053432841665,1.0448757907552684,0.1794697400251293,0.21243014663650128
kvar_0084,kappa_variant,PA_swelling,2.214655749100774,1.3375647037218796,0.4720264483378237,0.2674608934880986
kvar_0085,kappa_variant,PA_swelling,2.022797173122512,1.5598602773785206,0.4135160014399622,0.3125153974245285
kvar_0086,kappa_variant,PA_swelling,1.7972685708105152,1.203229107919018,0.4113475460410732,0.2488972127842292
kvar_0087,kappa_variant,PA_swelling,2.255751462357245,1.621980213198537,0.4957361589401596,0.3339325517529026
kvar_0088,kappa_variant,PA_swelling,1.6280801730423171,1.6125160203005295,0.346799625162989,0.3308686052981563
kvar_0089,kappa_variant,PA_swelling,2.0912741061951268,1.6387794512131293,0.4241606923976272,0.3320010210312998
kvar_0090,kappa_variant,PA_swelling,2.2388663035581287,1.8883088031498374,0.4539883396383974,0.3871966097718774
kvar_0091,kappa_variant,PA_swelling,1.9991140872987287,1.6876337851132113,0.3974814722578167,0.35077033489132825
kvar_0092,kappa_variant,PA_swelling,1.9209644056957584,1.7701548393233852,0.386610536457745,0.36431586694530604
kvar_0093,kappa_variant,PA_swelling,2.044310230939065,1.9410327027595495,0.4170994081721724,0.3976652036856066
kvar_0094,kappa_variant,PA_swelling,2.2883555820393227,2.0457104872328324,0.4732730559418977,0.41983222820009103
kvar_0095,kappa_variant,PA_swelling,2.126452371349679,2.071367732774882,0.459720033731843,0.42125266830147967
kvar_0096,kappa_variant,PA_swelling,2.2504055593587564,2.4086808107436486,0.4713656723833918,0.5015881780815187
kvar_0097,kappa_variant,PA_swelling,2.280215112722226,2.1698819694847815,0.4944969461053454,0.4502996921391085
kvar_0098,kappa_variant,PA_swelling,2.195651680236937,2.4060326170563533,0.4845222749730287,0.4942590679720956
kvar_0099,kappa_variant,salt_insensitive,0.0994321184387631,0.462630324277643,0.0239654065300806,0.06173558547719246
kvar_0100,kappa_variant,non_monotonic,0.2355590053851183,0.48334244274271965,0.0391877568732827,0.0702258796634656
kvar_0101,kappa_variant,non_monotonic,0.2266295336457583,0.4907290256321955,0.0416516408334648,0.07357031192837955
kvar_0102,kappa_variant,non_monotonic,0.248652386926281,0.5564625627742126,0.0484652006880377,0.09260665620934902
kvar_0103,kappa_variant,PA_swelling,0.3145538787215623,0.7179772382376892,0.0441030167792511,0.12199354918459304
kvar_0104,kappa_variant,salt_insensitive,0.1272108371345028,0.5031351819094276,0.0206869279070153,0.0819110144340589
kvar_0105,kappa_variant,non_monotonic,0.1979300603920741,0.6145384617021208,0.0368190650435562,0.11669679231789636
kvar_0106,kappa_variant,PA_swelling,0.6328845455596618,0.6008866299345317,0.1084759285348812,0.11590318724622775
kvar_0107,kappa_variant,non_monotonic,0.6579809150281289,0.6769326802080173,0.1367304789160014,0.12817113467443514
kvar_0108,kappa_variant,PA_swelling,2.1988848816220976,1.167600846825781,0.4561403569530661,0.24439391880972144
kvar_0109,kappa_variant,PA_swelling,1.9461661240258288,1.0318172206044312,0.4145446601701967,0.2138037361052142
kvar_0110,kappa_variant,PA_swelling,2.0696026484914705,1.0797387791333084,0.4595131616655811,0.21690654317321012
kvar_0111,kappa_variant,PA_swelling,2.260509737020458,1.208744582995427,0.4463498858537811,0.2622771446716605
kvar_0112,kappa_variant,PA_swelling,1.9121236859693465,1.1220058958196386,0.402012155676573,0.24295780858830562
kvar_0113,kappa_variant,PA_swelling,2.5785150461506885,1.2034955730747154,0.5499037957474859,0.270044879150231
kvar_0114,kappa_variant,PA_swelling,2.4618685706745134,1.6480433220008648,0.5344552331674198,0.36311479472015107
kvar_0115,kappa_variant,PA_swelling,2.5444400979406323,1.849952711168994,0.5543911030141895,0.3958538154231064
kvar_0116,kappa_variant,PA_swelling,1.2594945923160463,0.9828939715011261,0.2276987455881984,0.24407670573657356
kvar_0117,kappa_variant,PA_swelling,2.504701761954569,2.113072157888289,0.5060647038319583,0.46251719135820507
kvar_0118,kappa_variant,PA_swelling,2.6808837279417963,2.161419637952532,0.5607340303238587,0.4613447739040788
kvar_0119,kappa_variant,PA_swelling,2.7922892309369,1.7239572410218458,0.5821606757617985,0.3837642959435091
kvar_0120,kappa_variant,PA_swelling,2.6852119696997145,2.1161684572872534,0.575673688045742,0.48398413608505386
kvar_0121,kappa_variant,PA_swelling,2.5477788189994013,2.404601722148798,0.5448703154362127,0.5314989390974956
kvar_0122,kappa_variant,PA_swelling,2.420979747183784,2.253137983252056,0.5180920324573509,0.5017430000420259
kvar_0123,kappa_variant,PA_swelling,2.3876315710796447,2.3840802709276767,0.5358822924773944,0.5398626301780499
kvar_0124,kappa_variant,PA_swelling,2.668574175874106,2.4785126234552664,0.6017984732475197,0.573567631382677
kvar_0125,kappa_variant,PA_swelling,2.5692615231051694,2.2137504338215646,0.5683023435032453,0.517895469268741
kvar_0126,kappa_variant,PA_swelling,2.2946615360679927,2.7911828520605173,0.5087116625592893,0.6291285387397307
kvar_0127,kappa_variant,PA_swelling,2.358081673630096,2.2026650083804453,0.5106289444574865,0.5290227280304695
kvar_0128,kappa_variant,PA_swelling,2.6217972215989414,2.5612992590507537,0.6192540717851927,0.5943325285444976
kvar_0129,kappa_variant,PA_swelling,2.1309795690950444,2.757755162568854,0.4817472150418464,0.6482612247834872
kvar_0130,kappa_variant,PA_swelling,1.9832221459817163,2.906554619582283,0.4478874246969979,0.6680780930446691
kvar_0131,kappa_variant,PA_swelling,2.1589871961762683,3.0849209857332793,0.5205784299671294,0.717676217900878
kvar_0132,kappa_variant,non_monotonic,0.1881862834135728,0.7407551995164137,0.0316614997964282,0.10085571323388547
kvar_0133,kappa_variant,non_monotonic,0.4728001960203209,0.7545103683815346,0.056568556066442,0.1006293819159601
kvar_0134,kappa_variant,non_monotonic,0.6596746158898895,0.8022878191997225,0.0968762962313118,0.11018389187120711
kvar_0135,kappa_variant,non_monotonic,0.7693487980148995,0.9959990624444488,0.0882298022843866,0.15139601629970267
kvar_0136,kappa_variant,PA_swelling,0.5261068164258059,0.8823366129092718,0.0576364428287235,0.12692656053218138
kvar_0137,kappa_variant,non_monotonic,0.4888189431623497,0.804394375845436,0.0644722094761164,0.11366966719391211
kvar_0138,kappa_variant,non_monotonic,1.1079350117306537,1.226422615832262,0.1795609623458686,0.1945787709342784
kvar_0139,kappa_variant,non_monotonic,0.946293276211064,1.210714315810638,0.1275321817445568,0.18801684762080534
kvar_0140,kappa_variant,PA_swelling,0.791035182219489,0.8467913872589253,0.1053031430963858,0.12889690906998336
kvar_0141,kappa_variant,non_monotonic,2.749578258011601,1.6839350901435355,0.4655689945938175,0.26224630980493935
kvar_0142,kappa_variant,PA_swelling,2.8673863124523367,1.7553270335998796,0.3942725309083706,0.27567441221591543
kvar_0143,kappa_variant,PA_swelling,1.1678125152729524,1.258343255528945,0.1700075520565801,0.20444081404495998
kvar_0144,kappa_variant,PA_swelling,4.344731612281587,2.4323382062832346,0.6973604444581444,0.377590960808211
kvar_0145,kappa_variant,PA_swelling,3.9460422386718417,2.259328242586191,0.5694894593727379,0.3583687479738855
kvar_0146,kappa_variant,PA_swelling,3.7085736587571887,2.0264962327371894,0.5573727641667066,0.32395591077840413
kvar_0147,kappa_variant,PA_swelling,4.226813252529895,2.3164677076691618,0.6080330000297187,0.3703074941082256
kvar_0148,kappa_variant,PA_swelling,3.690631708363443,2.200230077386883,0.5420561568019737,0.35033583979635025
kvar_0149,kappa_variant,PA_swelling,4.048625326284102,2.6814091058163596,0.5733946325043522,0.4208235398604496
kvar_0150,kappa_variant,PA_swelling,4.11537523581291,2.855895735857266,0.6303425489388815,0.4670500533765552
kvar_0151,kappa_variant,PA_swelling,4.610698793565598,3.0327550857446552,0.7641520139401596,0.4866281223466836
kvar_0152,kappa_variant,PA_swelling,3.903067613758285,2.7705206187868905,0.6269187150395436,0.45618031220101013
kvar_0153,kappa_variant,PA_swelling,3.904213238923897,3.141899273953957,0.6324670672949914,0.5170745795097579
kvar_0154,kappa_variant,PA_swelling,3.901501311832,3.0049102202637363,0.5986022731715994,0.49641367127237157
kvar_0155,kappa_variant,PA_swelling,4.420114429901037,2.9230368971091836,0.6786241564466166,0.47894005553885666
kvar_0156,kappa_variant,PA_swelling,3.784989228982641,3.6579888206981925,0.5719837273229957,0.6051339553772881
kvar_0157,kappa_variant,PA_swelling,4.041508706417526,3.251864482252472,0.6480769115957961,0.5351110893661336
kvar_0158,kappa_variant,PA_swelling,3.87272092726706,3.3131117997916277,0.6291767239969307,0.5549668276454828
kvar_0159,kappa_variant,PA_swelling,3.252891944540156,3.829305294425205,0.5606363847270672,0.6435205159397777
kvar_0160,kappa_variant,PA_swelling,3.360280118530744,3.772625962319454,0.5533740852922517,0.6299636858440582
kvar_0161,kappa_variant,PA_swelling,3.405776687885479,3.792878198607426,0.5465193238891395,0.6318590237818574
kvar_0162,kappa_variant,non_monotonic,0.4344275247340469,1.5187113517957251,0.0480986650761389,0.20236302276105614
kvar_0163,kappa_variant,salt_insensitive,0.1726340148619767,1.4707438391964522,0.0045946342513248,0.1913994041504678
kvar_0164,kappa_variant,PA_swelling,0.4351388411990617,1.579773100387373,0.0514995041060283,0.21271199117485534
kvar_0165,kappa_variant,PA_swelling,1.1828149394443803,1.6547570433301058,0.1760856881307992,0.23944980581380865
kvar_0166,kappa_variant,PA_swelling,0.8809802646442316,1.5343441474527224,0.1249061673074266,0.21930629320103107
kvar_0167,kappa_variant,PA_swelling,0.8049362295735119,1.4550073969074873,0.0866045252993054,0.20681897819899187
kvar_0168,kappa_variant,non_monotonic,1.0468637114230133,1.600404527742697,0.1261388783358356,0.2289557086823087
kvar_0169,kappa_variant,PA_swelling,3.6138176864458216,2.2928081202606436,0.580788373177005,0.33692375607698166
kvar_0170,kappa_variant,PA_swelling,1.1776465469325106,1.688272759144943,0.1365903347582018,0.2730199896921307
kvar_0171,kappa_variant,PA_swelling,2.15688089840057,2.037016572520028,0.3779457325423311,0.33224439694840413
kvar_0172,kappa_variant,PA_swelling,2.243842105840723,1.7451050695360364,0.3298373560527081,0.29126803256926814
kvar_0173,kappa_variant,PA_swelling,4.320841312346159,2.4530257970796603,0.6513317948680833,0.3739114400685199
kvar_0174,kappa_variant,PA_swelling,4.566258899695022,2.408678679797045,0.6751016635563569,0.38678352782082054
kvar_0175,kappa_variant,PA_swelling,4.637748269017686,2.654307121529432,0.7243310237307561,0.42006696450408965
kvar_0176,kappa_variant,PA_swelling,4.189490485667884,2.4590790291130213,0.5876595673554121,0.39247482875469764
kvar_0177,kappa_variant,PA_swelling,4.267520897237983,3.341472607408628,0.6307798794434819,0.5306774351222825
kvar_0178,kappa_variant,PA_swelling,5.155720574375066,3.2995448480553415,0.7787120826016755,0.5318547105199756
kvar_0179,kappa_variant,PA_swelling,4.982353613590418,3.2353052404860785,0.7663496331293094,0.5181181425467379
kvar_0180,kappa_variant,PA_swelling,4.507826299437992,3.634201386691876,0.7333275692657608,0.5979185283570895
kvar_0181,kappa_variant,PA_swelling,4.5178272435317774,3.2992086903794453,0.7215721533535965,0.5450720039612771
kvar_0182,kappa_variant,PA_swelling,4.754549804097422,3.5950759030121624,0.7643129411489636,0.5800704099700031
kvar_0183,kappa_variant,PA_swelling,4.565654736131138,4.383228381880222,0.7823383298865081,0.7231429433872785
kvar_0184,kappa_variant,PA_swelling,4.969612567441117,3.9423998994163965,0.8208404026278742,0.6638926806840411
kvar_0185,kappa_variant,PA_swelling,4.3822130354487685,5.098712564756604,0.7685313759030027,0.8154024602357609
kvar_0186,kappa_variant,PA_swelling,4.273676979483476,4.76873887253066,0.728765476566967,0.7924260250788565
kvar_0187,kappa_variant,PA_swelling,3.999449515787016,5.16938891407322,0.6753761309391993,0.8352595735503593
kvar_0188,kappa_variant,PA_swelling,4.4902830529564,4.609785026392487,0.8021264610924915,0.7577775429888746
kvar_0189,kappa_variant,PA_swelling,4.357476508710534,5.977295296772725,0.7778337656836745,0.9716227386842895
kvar_0190,kappa_variant,PA_swelling,3.950229558628622,5.281101943774264,0.7024715291430799,0.8706879626829253
kvar_0191,kappa_variant,PA_swelling,3.79863239121178,5.802277717343655,0.6698166847795636,0.9504121850041113
kvar_0192,kappa_variant,PA_swelling,3.7921890948236414,6.130583421356752,0.6912167533718055,1.0098369550514559
kvar_0193,kappa_variant,PA_swelling,3.622195085456343,6.132136482656304,0.6582377381679719,1.016920735928586
kvar_0194,kappa_variant,PA_swelling,3.784321502595929,6.058649710786286,0.715379297063415,1.0136872014714542
ncpr_0000,ncpr_series,PE_contraction,-0.8504375657461414,-0.938166191679829,-0.1590489488579838,-0.14619592325054773
ncpr_0001,ncpr_series,PE_contraction,-0.9147698065026236,-1.2240801820720038,-0.1698721248611626,-0.19395004271683047
ncpr_0002,ncpr_series,PE_contraction,-0.8088604977867073,-0.6871388410176144,-0.1543886702552606,-0.0644084728826187
ncpr_0003,ncpr_series,PE_contraction,-0.925087724037701,-1.125601332523095,-0.1681170800850181,-0.1642195149547015
ncpr_0004,ncpr_series,PE_contraction,-0.5752512143411422,-0.5289338747838142,-0.1173685083283341,-0.05419113388468892
ncpr_0005,ncpr_series,PE_contraction,-0.6510886787249046,-0.3667308667701875,-0.1283167293842839,-0.02014986539195507
ncpr_0006,ncpr_series,PE_contraction,-0.5512391577625118,-0.262928485361276,-0.1132022410588526,-0.0018560652394219446
ncpr_0007,ncpr_series,PE_contraction,-0.6357343119403137,-0.5803822470646003,-0.12703728742266,-0.06453458682142292
ncpr_0008,ncpr_series,non_monotonic,-0.1963543420697756,-0.1751209189205455,-0.0386912468550592,-0.009200780368800121
ncpr_0009,ncpr_series,PE_contraction,-0.2323744057824829,0.02792066691619971,-0.0540929429051422,0.04087023031015412
ncpr_0010,ncpr_series,salt_insensitive,-0.0541562046240613,0.11836522598815713,-0.0139116111371511,0.0774261764773275
ncpr_0011,ncpr_series,PE_contraction,-0.2640117955172297,0.05784346520639394,-0.0593946736938711,0.05517103839189684
ncpr_0012,ncpr_series,salt_insensitive,-0.0004728030052778,0.1568692937936541,-0.0024531437686011,0.05805392216177527
ncpr_0013,ncpr_series,salt_insensitive,0.0189938549476347,-0.045104824817368105,0.0024699936939136,0.012041989910101608
ncpr_0014,ncpr_series,salt_insensitive,0.1108652402353653,0.4020637623800771,0.0206528610055581,0.121973955663374
ncpr_0015,ncpr_series,non_monotonic,0.1049029416868378,0.027708773361466488,0.0330809954993798,0.028197742985829374
ncpr_0016,ncpr_series,salt_insensitive,0.0818199123196369,-0.14485090938059697,0.0260714334330437,-0.0246429902058867
ncpr_0017,ncpr_series,salt_insensitive,0.1227176092458151,0.10166611205248721,0.029635603855808,0.03685622583746098
ncpr_0018,ncpr_series,non_monotonic,0.1692532525744538,0.3438960325202808,0.0458414305305132,0.10049742090966401
ncpr_0019,ncpr_series,salt_insensitive,0.0637715299361623,-0.13080838144544027,0.0111171058622651,-0.02241056466155633
ncpr_0020,ncpr_series,salt_insensitive,0.0649641555533724,0.11402603414307272,0.0167322835996629,0.03938227406969386
ncpr_0021,ncpr_series,PA_swelling,0.3804271189654178,0.8604013001751338,0.1030592571799174,0.2409772786755748
ncpr_0022,ncpr_series,PA_swelling,0.2296034634672159,0.20541612541761806,0.0618324050773241,0.06685685160128325
ncpr_0023,ncpr_series,non_monotonic,0.2267990964625109,0.07403597882165847,0.0677838839447118,0.03550470031932716
ncpr_0024,ncpr_series,PE_contraction,-0.2064953298535297,0.0035390332071930652,-0.0502308941920747,0.04228174566135419
ncpr_0025,ncpr_series,salt_insensitive,-0.0710363678181998,0.3351545278190496,-0.0178428115967511,0.12290590651221654
ncpr_0026,ncpr_series,non_monotonic,-0.2777211376694659,-0.09940582254202701,-0.0619600840962053,0.007792635996302297
ncpr_0027,ncpr_series,PE_contraction,-0.2337390809248429,-0.13266536729383793,-0.0492866297125292,0.0003588182730444589
ncpr_0028,ncpr_series,PE_contraction,-0.6320201324187843,-0.10900646242069112,-0.1288860767404043,0.03332811282076431
ncpr_0029,ncpr_series,PE_contraction,-0.5000067264320371,-0.2884203931484992,-0.1014364150633964,-0.017058456704636266
ncpr_0030,ncpr_series,PE_contraction,-0.4448946439423421,-0.14127060737159614,-0.0981224894342148,0.0326644521339388
ncpr_0031,ncpr_series,PE_contraction,-0.5434097060437274,-0.06453067933993006,-0.1098848712246923,0.03764367658845669
ncpr_0032,ncpr_series,PE_contraction,-0.9356690166498628,-0.9651653077503255,-0.1746372797677553,-0.1448689873093973
ncpr_0033,ncpr_series,PE_contraction,-0.9914063643932776,-0.6808153670191515,-0.1810961398064758,-0.08973430812566402
ncpr_0034,ncpr_series,PE_contraction,-0.939126668797188,-0.7476176391869125,-0.1777983694404153,-0.10342464811595015
ncpr_0035,ncpr_series,PE_contraction,-0.944525111714488,-0.8102470794572999,-0.1764684721105471,-0.11004645033972343
ncpr_0036,ncpr_series,PE_contraction,-1.8195830079626527,-2.386557300300945,-0.2032606469590923,-0.34441844033784985
ncpr_0037,ncpr_series,PE_contraction,-1.9149084616619207,-2.2738778574441363,-0.2169403500095791,-0.3268182067337737
ncpr_0038,ncpr_series,PE_contraction,-1.7862639825341855,-1.9939275488279042,-0.2027292886564823,-0.2570547722584655
ncpr_0039,ncpr_series,PE_contraction,-1.9554629355974409,-2.2513515580434635,-0.2201123261440702,-0.33077491142336524
ncpr_0040,ncpr_series,PE_contraction,-1.3984996705655803,-0.832031216630869,-0.1710207964376451,-0.09084388027270052
ncpr_0041,ncpr_series,PE_contraction,-1.109967545107614,-1.06151334234143,-0.1487410210104215,-0.1391567972815864
ncpr_0042,ncpr_series,PE_contraction,-1.1369624387566268,-0.9288768000412488,-0.1451929990943978,-0.10052630967077662
ncpr_0043,ncpr_series,PE_contraction,-1.2053366547299285,-1.110072936636457,-0.1567024651765685,-0.14790611172490747
ncpr_0044,ncpr_series,PE_contraction,-0.669211060325321,-0.21766848127309812,-0.1039885210294037,-0.013955322598693878
ncpr_0045,ncpr_series,PE_contraction,-0.6461849678493516,-0.21245161280854397,-0.0903124365630798,-0.009775122743052783
ncpr_0046,ncpr_series,PE_contraction,-0.5772181148107907,-0.030905877140428806,-0.0815904121378225,0.026016979682461083
ncpr_0047,ncpr_series,PE_contraction,-0.567219936540505,-0.37859095939449106,-0.0885927768829609,-0.05278312265267568
ncpr_0048,ncpr_series,salt_insensitive,0.0051798022532723,0.28906745182857985,0.0014723220679796,0.06189746521007512
ncpr_0049,ncpr_series,salt_insensitive,-0.1029068908834648,0.024501912926957248,-0.0281021046382909,0.0021896875426376666
ncpr_0050,ncpr_series,salt_insensitive,0.138344449944449,0.33444900330187766,0.0148913260278829,0.0824729817926729
ncpr_0051,ncpr_series,non_monotonic,0.3087520745783452,0.43903959835880596,0.0502329651347228,0.09778077180594807
ncpr_0052,ncpr_series,non_monotonic,0.3635601231704021,0.5996819730564473,0.0564394463369058,0.122031966616726
ncpr_0053,ncpr_series,salt_insensitive,0.1583667364965332,0.32080677245539463,0.0255490999864002,0.05454571179961422
ncpr_0054,ncpr_series,non_monotonic,0.1536601212062686,0.34197481608155733,0.0428200773348295,0.054203235438995453
ncpr_0055,ncpr_series,PA_swelling,0.2527800872114141,0.33485356157926466,0.0420310478544397,0.06385320684517118
ncpr_0056,ncpr_series,salt_insensitive,0.1044048687492986,0.3285558605107622,0.0149142689687553,0.06938478499175807
ncpr_0057,ncpr_series,salt_insensitive,-0.0925896249930115,0.13558661758087065,-0.0211885477150727,0.022574698803635773
ncpr_0058,ncpr_series,PA_swelling,0.818318570635063,0.6429067454752475,0.1572243595885628,0.13916300547948685
ncpr_0059,ncpr_series,salt_insensitive,-0.1730252351160459,0.3896488065156744,-0.0237445427527618,0.07756482058646168
ncpr_0060,ncpr_series,PE_contraction,-0.6767638076981263,-0.1382453248926745,-0.0905727968254524,0.0007685481928196153
ncpr_0061,ncpr_series,PE_contraction,-0.8135520407028669,-0.31651631896112564,-0.1103939055353921,-0.04035018464290008
ncpr_0062,ncpr_series,non_monotonic,-0.2962949217879451,0.01554702389486673,-0.0540995080519882,0.05307375682436406
ncpr_0063,ncpr_series,non_monotonic,-0.4954720790626971,-0.11743714276243267,-0.0740104945042093,0.012300116564786759
ncpr_0064,ncpr_series,PE_contraction,-1.2824564106679182,-0.7918979011111811,-0.1665138769298561,-0.08433856099654635
ncpr_0065,ncpr_series,PE_contraction,-1.3061607092971486,-1.1694630408487336,-0.161590122297203,-0.16532719693350476
ncpr_0066,ncpr_series,PE_contraction,-1.5737549029422526,-1.0273105201059973,-0.1898797729197251,-0.13475493464952926
ncpr_0067,ncpr_series,PE_contraction,-1.0006010330964954,-0.5223167881717437,-0.1312474243107862,-0.0204903931927142
ncpr_0068,ncpr_series,PE_contraction,-2.185256682036232,-1.965121295173192,-0.2315965994172631,-0.28949677759462883
ncpr_0069,ncpr_series,PE_contraction,-2.158495717293208,-1.9180727028000772,-0.2410485950520322,-0.26656540910158355
ncpr_0070,ncpr_series,PE_contraction,-2.041838347115811,-2.063431359235484,-0.2239980155911993,-0.28288130414691387
ncpr_0071,ncpr_series,PE_contraction,-2.0000623103548025,-2.089119246990702,-0.2190372493376519,-0.3058395960003846
ncpr_0072,ncpr_series,PE_contraction,-3.4925580313171283,-4.6792808724703825,-0.2383058095787788,-0.38872000338662716
ncpr_0073,ncpr_series,PE_contraction,-3.907104693181823,-4.727382469960025,-0.2511904032736093,-0.4103525095092544
ncpr_0074,ncpr_series,PE_contraction,-3.647261689322048,-4.9381730173550675,-0.26076018298412,-0.4380055708167111
ncpr_0075,ncpr_series,PE_contraction,-3.393760293457152,-5.116251903773465,-0.242174250683004,-0.47033411679871595
ncpr_0076,ncpr_series,PE_contraction,-2.2361539526636527,-2.233037497301435,-0.1804017177541794,-0.1483695977693323
ncpr_0077,ncpr_series,PE_contraction,-2.7345846520865766,-1.83349827150014,-0.2110297018522853,-0.09333450465768708
ncpr_0078,ncpr_series,PE_contraction,-3.0609107216074123,-2.189236635916996,-0.2142810862520065,-0.1489289011940949
ncpr_0079,ncpr_series,PE_contraction,-2.7353491143167554,-1.4970914687624544,-0.2097091687516448,-0.041450785187916436
ncpr_0080,ncpr_series,PE_contraction,-1.2873826817936302,-0.029900016150459563,-0.1301909412386816,0.09433653144190592
ncpr_0081,ncpr_series,PE_contraction,-1.394963706604945,-0.06266533211236835,-0.1219276793505436,0.07746683870957301
ncpr_0082,ncpr_series,non_monotonic,-1.2419325859686172,-0.2948860861663978,-0.1097505228039098,0.023872226146916753
ncpr_0083,ncpr_series,PE_contraction,-1.3051123191492298,-0.10866138213435828,-0.1148214305277486,0.06362964604790526
ncpr_0084,ncpr_series,non_monotonic,0.6217134463119763,1.0075404094550529,0.0884282237765383,0.18505232562636126
ncpr_0085,ncpr_series,non_monotonic,0.8240451394820515,0.878107087265548,0.114259110499891,0.15445283146717065
ncpr_0086,ncpr_series,salt_insensitive,-0.1579798221897566,0.9229830220048127,-0.0170691952973612,0.15581688350543704
ncpr_0087,ncpr_series,salt_insensitive,0.0669053710268395,1.0569091787610059,0.0174992363486426,0.19223383935145616
ncpr_0088,ncpr_series,salt_insensitive,0.2427667620724338,1.265886067078509,0.0233798632861544,0.1842444212969043
ncpr_0089,ncpr_series,non_monotonic,0.7693503571957888,1.1919091500382324,0.1034661171629581,0.17827771732825537
ncpr_0090,ncpr_series,non_monotonic,0.6422485411381607,1.307704772470936,0.0757564924995757,0.19720254875811918
ncpr_0091,ncpr_series,non_monotonic,0.329255019865922,1.1914718494158214,0.0464899004524117,0.17687647374462934
ncpr_0092,ncpr_series,non_monotonic,-0.413536345710579,0.8651243227153773,-0.045517805473885,0.1326399517477021
ncpr_0093,ncpr_series,salt_insensitive,-0.1051645537865265,0.8146588225458538,-0.0227730100130225,0.13009831138865338
ncpr_0094,ncpr_series,non_monotonic,0.5690710124196439,1.079876728388626,0.0875219789020271,0.17836001059103546
ncpr_0095,ncpr_series,non_monotonic,0.5181154802419013,1.2270901844642927,0.0552444521394831,0.23253872921491264
ncpr_0096,ncpr_series,PE_contraction,-1.3425488862298272,-0.04356168320814424,-0.1204323726436495,0.07480171337407937
ncpr_0097,ncpr_series,PE_contraction,-1.428770870995186,-0.28570932531990445,-0.1220840845320977,0.03606324272902245
ncpr_0098,ncpr_series,PE_contraction,-1.8323849209294143,-0.17265949003789804,-0.1640060984898006,0.03966388597552262
ncpr_0099,ncpr_series,PE_contraction,-1.6972574102118383,-0.1608089300912977,-0.1556167442794443,0.04698535248766984
ncpr_0100,ncpr_series,PE_contraction,-2.6994041294434954,-2.2494487420961335,-0.2095654808231571,-0.16349831706332618
ncpr_0101,ncpr_series,PE_contraction,-2.646649384186035,-1.7432002948156617,-0.1878968609687583,-0.0741475507983488
ncpr_0102,ncpr_series,PE_contraction,-2.781890140161373,-1.8282818671219003,-0.2228237945274195,-0.07931867029514893
ncpr_0103,ncpr_series,PE_contraction,-2.9703908470846803,-1.8421807056510042,-0.2278099854574547,-0.09593593212634179
ncpr_0104,ncpr_series,PE_contraction,-4.123139582550771,-4.9073613497790145,-0.2811732624677377,-0.4405237871177248
ncpr_0105,ncpr_series,PE_contraction,-3.7029799506003664,-5.138626895738809,-0.2717694351113832,-0.468362241550743
ncpr_0106,ncpr_series,PE_contraction,-3.7869346234766144,-4.996567195992358,-0.2562499349344318,-0.43892170109095974
ncpr_0107,ncpr_series,PE_contraction,-3.513185947380592,-4.667452970745271,-0.2475301381370092,-0.3789331735341005
idr_0000,idrome_stratified,PA_swelling,0.5774411102296042,0.4326083349709434,0.1243080795830179,0.09772711130190892
idr_0001,idrome_stratified,PA_swelling,0.503040365410209,0.2564524894325111,0.132263249585003,0.061751334365498387
idr_0002,idrome_stratified,PA_swelling,0.7688989841033155,0.8748095423203228,0.1550837961903464,0.19144479483140805
idr_0003,idrome_stratified,PA_swelling,0.3787793387457071,0.29693740681860503,0.0975060646441286,0.07810801165255121
idr_0004,idrome_stratified,non_monotonic,0.2486587833741345,0.04358101723384128,0.0640226136466724,0.013903431184258491
idr_0005,idrome_stratified,PA_swelling,0.2602896141657296,-0.022502885896934055,0.0720223583004447,0.004822773079156933
idr_0006,idrome_stratified,non_monotonic,0.3389681387303063,0.3596086176913395,0.074823260891688,0.06680989900175954
idr_0007,idrome_stratified,PA_swelling,0.746040419110618,0.6260712821516314,0.1548867131321119,0.1246839524013739
idr_0008,idrome_stratified,PA_swelling,1.2780886973675418,0.7584266959141642,0.2561502509741744,0.1515296717345258
idr_0009,idrome_stratified,salt_insensitive,0.1475497349066154,-0.08925412292216672,0.0253431185119193,-0.03346567575781294
idr_0010,idrome_stratified,PA_swelling,1.321372384549857,1.2307774387624222,0.2226266076555852,0.268789069987496
idr_0011,idrome_stratified,non_monotonic,0.5033166114795723,0.02867957768979945,0.0937037396506003,0.006019513572847329
idr_0012,idrome_stratified,salt_insensitive,0.1519878321276421,0.3500892882304491,0.0272097795480945,0.05913788617574992
idr_0013,idrome_stratified,PA_swelling,0.8428305966836205,0.6898707996046145,0.1604238358016411,0.1265695743493358
idr_0014,idrome_stratified,non_monotonic,0.4383032327609857,0.5156602011904288,0.0820873124946539,0.09259480433187024
idr_0015,idrome_stratified,non_monotonic,0.2639765884214443,1.1053007488882505,0.0418604167676634,0.21197062347272833
idr_0016,idrome_stratified,non_monotonic,0.3972119669646636,0.15090875976389811,0.0753467393120939,0.02907250727578871
idr_0017,idrome_stratified,PA_swelling,1.4630575378090347,0.8460382982069672,0.230715375229524,0.1465648114535986
idr_0018,idrome_stratified,PA_swelling,1.755786497748177,1.2631422901624958,0.2660738071423656,0.22093001256528
idr_0019,idrome_stratified,PA_swelling,2.743139187185017,1.3966464779890015,0.452341251274064,0.21547304632225223
idr_0020,idrome_stratified,PA_swelling,3.653815047288352,2.146941319103085,0.5368725310005099,0.37532202231480777
idr_0021,idrome_stratified,non_monotonic,2.341244943053691,1.510125805607991,0.404154370948431,0.24868555338455695
idr_0022,idrome_stratified,PA_swelling,2.3809679405163746,1.0974940469199015,0.4182282889394882,0.1869571630103159
idr_0023,idrome_stratified,non_monotonic,0.7106063580296759,0.7779253716203225,0.1409496179857482,0.137959951695605
idr_0024,idrome_stratified,non_monotonic,0.8145279948005533,0.8789538502470745,0.0967157446330263,0.13092265257579724
idr_0025,idrome_stratified,PA_swelling,1.839169988787443,2.3730148527127675,0.2863662131682647,0.32768533543111816
idr_0026,idrome_stratified,PA_swelling,2.1311358150100728,1.100103110803908,0.3156310945900554,0.1553499640501348
idr_0027,idrome_stratified,non_monotonic,0.486068126515255,0.4617106744657927,0.0552748241835569,0.08746183931840967
idr_0028,idrome_stratified,PA_swelling,3.501499900084009,1.5583269818028138,0.4912808768888237,0.24001957842320124
idr_0029,idrome_stratified,PA_swelling,3.258387008697893,2.4730091772599114,0.4710822135665227,0.45307503950334327
idr_0030,idrome_stratified,non_monotonic,0.1317893923176238,0.21346068221162973,0.0414057740434608,0.04376918176742045
idr_0031,idrome_stratified,salt_insensitive,0.0197518809278228,-0.45023200655095996,0.0040548326900279,-0.07896697249484148
idr_0032,idrome_stratified,salt_insensitive,0.0731057880944829,0.03945925666329586,0.0089943691729651,0.014798324162435247
idr_0033,idrome_stratified,non_monotonic,0.2338246785740099,0.39838687608808115,0.0479607617946221,0.0840690904517131
idr_0034,idrome_stratified,non_monotonic,0.1654570724461831,-0.20570900851514295,0.0458154839596413,-0.03881465241795032
idr_0035,idrome_stratified,salt_insensitive,0.0872121802088307,-0.16873915741823486,0.0248068912279988,-0.03139516779213111
idr_0036,idrome_stratified,PA_swelling,0.7931546983552712,0.6685046221139301,0.1601276937353151,0.14626439711675177
idr_0037,idrome_stratified,PA_swelling,0.4087483060741373,0.05138752215985343,0.0812941630582165,0.00672959112145298
idr_0038,idrome_stratified,non_monotonic,0.4006941893742192,0.3303049351342503,0.0889805660921079,0.0678895088612399
idr_0039,idrome_stratified,salt_insensitive,0.2240011367274731,-0.02608445079581334,0.0236331891317643,-0.011595381981141475
idr_0040,idrome_stratified,non_monotonic,0.296795801474053,0.20170248730412738,0.060055780454336,0.04072355758827273
idr_0041,idrome_stratified,non_monotonic,0.1989235772388269,0.15226466227876867,0.0407763620248361,0.02932549643385421
idr_0042,idrome_stratified,non_monotonic,0.1671740838500474,-0.5682720745577423,0.0344728690420711,-0.11511902102763899
idr_0043,idrome_stratified,non_monotonic,0.3201589373518732,0.4019772509349225,0.0411057985841396,0.06072228068640316
idr_0044,idrome_stratified,salt_insensitive,0.0519601778314635,0.049490065330921706,0.004369191014621,0.007999219290418538
idr_0045,idrome_stratified,salt_insensitive,-0.0207914597384915,-0.1887872663827661,0.0090709622642991,-0.0370226484793138
idr_0046,idrome_stratified,salt_insensitive,0.098320540688873,0.30949824003636195,0.0211342124405221,0.052673602410950024
idr_0047,idrome_stratified,non_monotonic,0.527867329485046,0.23006850811722362,0.0891028820225227,0.03540434788988184
idr_0048,idrome_stratified,salt_insensitive,0.1719819085189612,0.15846644248609276,0.0296292856136454,0.02208069838771845
idr_0049,idrome_stratified,PA_swelling,1.679910918407398,0.8619275113432858,0.3193162055645367,0.15272808991470585
idr_0050,idrome_stratified,non_monotonic,0.300133947737082,0.012481043467056585,0.0483999959834731,-0.008892745711525277
idr_0051,idrome_stratified,PA_swelling,0.5547645315193306,0.27774832696869456,0.0801353399670211,0.03969985336012208
idr_0052,idrome_stratified,non_monotonic,0.279733042397679,0.46854647860045007,0.0478560671386751,0.07625638466298507
idr_0053,idrome_stratified,PA_swelling,0.7486823987936786,0.45220806623616583,0.1039507757475249,0.06611312991100798
idr_0054,idrome_stratified,non_monotonic,0.1704376596480937,0.3937428048983695,0.0364830417432054,0.034644947280482355
idr_0055,idrome_stratified,non_monotonic,0.8530608583773924,0.6353784409512363,0.1129375211449943,0.08327750826765654
idr_0056,idrome_stratified,salt_insensitive,0.2166633218485764,0.05011633990469799,0.0218268046942087,-0.004538043998540742
idr_0057,idrome_stratified,non_monotonic,-0.0998200534210895,-0.03297398216891856,-0.0407997348387458,-0.00858633317056988
idr_0058,idrome_stratified,PA_swelling,0.8252877641623878,0.7652587724113287,0.1140566879775929,0.1147981027231021
idr_0059,idrome_stratified,non_monotonic,0.4666999583722079,0.7117575850641555,0.037626151151501,0.08555241490526735
idr_0060,idrome_stratified,salt_insensitive,0.1729217746719637,-0.02797630865137757,0.0280911318281501,0.0044618975220526436
idr_0061,idrome_stratified,salt_insensitive,0.0339309595289129,0.1498365405463975,0.0152030851116767,0.03396154343193225
idr_0062,idrome_stratified,non_monotonic,0.098281722088381,0.318435651455927,0.0301602392972583,0.07361803967469313
idr_0063,idrome_stratified,salt_insensitive,0.0276657428469024,-0.11926730557913023,0.0022277218984592,-0.0142997612203494
idr_0064,idrome_stratified,salt_insensitive,-0.0159612980505927,-0.22405880217771323,-0.0004279836078988,-0.03450706331188917
idr_0065,idrome_stratified,salt_insensitive,-0.0416459038285924,-0.24117439274426533,-0.0098764888465173,-0.029417295363574167
idr_0066,idrome_stratified,salt_insensitive,0.1564495126474737,-0.29728583066358594,0.0273475351378879,-0.059999957630799364
idr_0067,idrome_stratified,non_monotonic,0.1919220705514154,0.14006490050216214,0.0469728953679412,0.026564298273225248
idr_0068,idrome_stratified,salt_insensitive,-0.079404921922408,0.7704333659507325,-0.0121360708054835,0.15316228942727667
idr_0069,idrome_stratified,PA_swelling,0.2161432654433607,0.3036469344451397,0.0355833832058795,0.0576618674133694
idr_0070,idrome_stratified,salt_insensitive,-0.1067933814467644,0.6523874529616067,-0.01613874253807,0.1338259449539862
idr_0071,idrome_stratified,salt_insensitive,0.0549457299017828,-0.20495586943946487,0.0034248276506967,-0.035116447813403215
idr_0072,idrome_stratified,non_monotonic,0.3429094506254385,0.2175610961186747,0.0663185649299522,0.03830645763068906
idr_0073,idrome_stratified,non_monotonic,-0.2561181278956105,-0.19026481797564587,-0.0385516230194116,-0.03745328124712029
idr_0074,idrome_stratified,non_monotonic,0.633867168460445,0.5305514567028174,0.1177099333685341,0.09606449579062978
idr_0075,idrome_stratified,salt_insensitive,0.0498768557926864,0.002353746562595127,0.0087154370521989,-0.00126421767129134
idr_0076,idrome_stratified,salt_insensitive,0.0730085494654839,0.33131552614983545,0.0074639437796197,0.055764884216256305
idr_0077,idrome_stratified,salt_insensitive,0.1059246391996724,0.09260685634033933,0.0185469255359904,0.024637097470124172
idr_0078,idrome_stratified,salt_insensitive,-0.1997429136825638,-0.13610308565930018,-0.0232958427300826,-0.009687554084219077
idr_0079,idrome_stratified,salt_insensitive,-0.1562600684224467,0.2583879483592352,-0.0024765434559324,0.0388881148270416
idr_0080,idrome_stratified,salt_insensitive,0.208490852263772,0.39067925609721343,0.0291975000966736,0.06467547219667613
idr_0081,idrome_stratified,non_monotonic,0.3134481120601761,0.47249502937994936,0.0359894345762246,0.08051789862381817
idr_0082,idrome_stratified,salt_insensitive,0.1742766016634798,0.5832908404717205,0.013025501847601,0.10122286797276621
idr_0083,idrome_stratified,PA_swelling,0.4281254082302412,0.49005114897121516,0.056780151100541,0.07523207947543811
idr_0084,idrome_stratified,non_monotonic,0.6147513249287785,0.34145926144031863,0.0744214994002317,0.05734554000683659
idr_0085,idrome_stratified,non_monotonic,-0.2713158823857692,0.1474239311032658,-0.0313172959254729,0.0037761954997411196
idr_0086,idrome_stratified,non_monotonic,0.5029379944344468,0.3402532756320973,0.0584298310992378,0.03806596731661638
idr_0087,idrome_stratified,non_monotonic,0.5520676298764771,0.5733554361518449,0.0950094098564653,0.07114126877287377
idr_0088,idrome_stratified,salt_insensitive,0.1405663028495677,0.06003596217100837,0.0093524694602308,0.022589496319143657
idr_0089,idrome_stratified,non_monotonic,0.5738705752559004,0.6009908764241757,0.0445581871597466,0.08217833382858744
idr_0090,idrome_stratified,PA_swelling,0.1541680891083391,-0.01653554957835468,0.0326748162061984,0.0031825499486653475
idr_0091,idrome_stratified,PE_contraction,-0.2891164092411935,-0.19797552428279097,-0.0627018818783166,-0.03253741373769717
idr_0092,idrome_stratified,non_monotonic,0.1505339014737332,0.0003847289606886406,0.0434329672781858,0.019646122765178964
idr_0093,idrome_stratified,salt_insensitive,-0.095997880660494,-0.029070923209934096,-0.0261060480581706,0.00203685616940133
idr_0094,idrome_stratified,PE_contraction,-0.3982690147669891,-0.2918752170704595,-0.0751539104148638,-0.04726314996635947
idr_0095,idrome_stratified,salt_insensitive,0.0104759963518884,0.3413970440051665,0.0033010329324828,0.08014936729980884
idr_0096,idrome_stratified,salt_insensitive,0.0705927994271385,0.2475110532306134,0.0001048282893144,0.04986620991989439
idr_0097,idrome_stratified,salt_insensitive,-0.1041884180590743,-0.026798969667135353,-0.0131383335377302,-0.0019737187991448607
idr_0098,idrome_stratified,salt_insensitive,-0.0622483199183969,-0.09071283334916247,-0.0232278068251646,-0.020889304568875527
idr_0099,idrome_stratified,non_monotonic,0.3154576846461474,0.25060095411848105,0.0470946873359961,0.051970457223830244
idr_0100,idrome_stratified,salt_insensitive,-0.1099970372211563,-0.3167044803357182,-0.0218667791426386,-0.055961598074326144
idr_0101,idrome_stratified,salt_insensitive,-0.0443544096257716,-0.20741583677817843,-0.0131046240003384,-0.02801060786712105
idr_0102,idrome_stratified,salt_insensitive,-0.1702857513930153,0.14278893731838738,-0.0252197313643869,0.020890150743927957
idr_0103,idrome_stratified,salt_insensitive,-0.0490567270060671,-0.3280118805766321,-0.015187307152896,-0.0581836224404856
idr_0104,idrome_stratified,salt_insensitive,-0.2334406402628256,0.05627556589388183,-0.0297548595323934,0.012121910552665247
idr_0105,idrome_stratified,non_monotonic,-0.2393408508476343,-0.6119722631494673,-0.0312679598129478,-0.10444048626699957
idr_0106,idrome_stratified,salt_insensitive,-0.2112698049351449,0.09358563535784614,-0.0220667719244499,0.01827711874838464
idr_0107,idrome_stratified,non_monotonic,-0.1760143424039032,-0.11084020875547285,-0.0309256617772075,-0.01405270385386155
idr_0108,idrome_stratified,non_monotonic,-0.3668625876618557,-0.5338560259580848,-0.0591563969121433,-0.08852587767007955
idr_0109,idrome_stratified,non_monotonic,-0.295434639437133,-0.41414605389262793,-0.0567373053101056,-0.06842571866113287
idr_0110,idrome_stratified,salt_insensitive,0.2799440611191445,0.26124620569801693,0.0256145659742786,0.05789868738630745
idr_0111,idrome_stratified,salt_insensitive,-0.093235930445619,0.3803820841710578,-0.0146701767754302,0.050460921248135185
idr_0112,idrome_stratified,PA_swelling,0.8575911841079745,0.7213357767767491,0.14030341123447,0.12053421909925638
idr_0113,idrome_stratified,salt_insensitive,-0.1173657940281139,-0.020221039076561254,-0.0211288296279266,0.0061396834873828215
idr_0114,idrome_stratified,non_monotonic,-0.2388506179463399,0.20310135214096564,-0.030032486928683,0.02105909776372157
idr_0115,idrome_stratified,salt_insensitive,0.2115254468702354,0.22990369948459344,0.0193534994488516,0.06343424630523839
idr_0116,idrome_stratified,salt_insensitive,0.0177872179664803,0.3507943220803073,0.0169397781084663,0.05264483778930157
idr_0117,idrome_stratified,non_monotonic,-0.342127374717817,0.15184175687835272,-0.0603185106283938,0.027153133576530597
idr_0118,idrome_stratified,salt_insensitive,-0.2557954256705946,-0.214416457593941,-0.0189331695196964,-0.027081207152332004
idr_0119,idrome_stratified,non_monotonic,1.2430559141222874,1.237212961174829,0.1893763335751387,0.18391290653606665
idr_0120,idrome_stratified,PE_contraction,-0.5884656995090402,0.03629603245055435,-0.0790688223952187,0.03229098813405386
idr_0121,idrome_stratified,PE_contraction,-0.4439350199466743,-0.9322661256120599,-0.1082133805974409,-0.10910634383836391
idr_0122,idrome_stratified,salt_insensitive,-0.0430735334735286,0.2907325515952992,0.0009624932821203,0.074802383985062
idr_0123,idrome_stratified,non_monotonic,-0.3072613064322176,-0.28233296647772366,-0.0598382847152097,-0.04511558459595437
idr_0124,idrome_stratified,non_monotonic,-0.2621507549279737,-0.5059993272687513,-0.0623726929436366,-0.09154786260066039
idr_0125,idrome_stratified,non_monotonic,-0.1952987767588926,0.010705788451486398,-0.0359551159979406,0.014713071841435624
idr_0126,idrome_stratified,non_monotonic,0.5506262992013479,0.6474834080861143,0.0954544254298071,0.14272200848859332
idr_0127,idrome_stratified,non_monotonic,-0.3098502982610417,-0.1969853337954064,-0.0569834770427458,-0.027130646541216052
idr_0128,idrome_stratified,PE_contraction,-0.3251244956047223,-0.155147522777484,-0.0547861037340666,-0.020374410633665047
idr_0129,idrome_stratified,PE_contraction,-0.3282233712833221,-0.2590280285456039,-0.048109775894815,-0.040100301708697134
idr_0130,idrome_stratified,PE_contraction,-2.129785280042094,-1.3166578136502425,-0.22134620947097,0.009766403205461946
idr_0131,idrome_stratified,non_monotonic,-0.7774968075795226,-0.004736568665963725,-0.1031354824058057,0.01816720302927044
idr_0132,idrome_stratified,PE_contraction,-0.8442284688355053,0.031994163670520104,-0.0965737840883648,0.019937026337881164
idr_0133,idrome_stratified,PE_contraction,-0.2373160853386687,0.15675164090702304,-0.0406808096003847,0.0364694880038442
idr_0134,idrome_stratified,non_monotonic,-0.1704074687103254,0.0192752540847555,-0.03657401129234,0.008076738649252652
idr_0135,idrome_stratified,non_monotonic,-0.4488058664175243,0.20027731293983175,-0.0646307634461563,0.04619744674043501
idr_0136,idrome_stratified,PE_contraction,-0.7613813122634903,-0.18196415290934453,-0.1114350612387815,-0.03017406690720177
idr_0137,idrome_stratified,PE_contraction,-1.0988692338212245,-0.33063583370710636,-0.1505356052808744,-0.04989572026845332
idr_0138,idrome_stratified,non_monotonic,-0.2239278406236779,-0.10659307657168537,-0.0306640964955109,-0.01150628410156826
idr_0139,idrome_stratified,non_monotonic,-0.4094874408528448,0.2751442495486095,-0.0607740281975833,0.04972872574296891
idr_0140,idrome_stratified,salt_insensitive,0.245311899048876,0.26906717010361386,0.0271254123671484,0.04813936593326698
idr_0141,idrome_stratified,salt_insensitive,-0.0281275549518422,0.5453982670246194,0.0197806310536917,0.09295864328170075
idr_0142,idrome_stratified,PE_contraction,-0.3690952950798863,0.16633372707888727,-0.0581406408023461,0.03091139058061476
idr_0143,idrome_stratified,non_monotonic,-0.7094351600566732,0.08613187725245108,-0.0976180101089564,0.02377992070062393
idr_0144,idrome_stratified,non_monotonic,-0.8021965332070762,0.11723953907859214,-0.0763113892688388,0.0034517269342792117
idr_0145,idrome_stratified,non_monotonic,-1.1925721985656612,-0.0654697442353378,-0.1485847899830673,0.0014506653973219985
idr_0146,idrome_stratified,PE_contraction,-3.0877521052826298,-0.020530883219135987,-0.264387501583932,0.12147621592940763
idr_0147,idrome_stratified,non_monotonic,-0.6786888223933307,0.01116815700822138,-0.0602091009475703,0.011027897839522363
idr_0148,idrome_stratified,salt_insensitive,0.1254045239810864,0.5732425855867158,0.009894143467016,0.09316133399677073
idr_0149,idrome_stratified,salt_insensitive,0.1486676261180348,0.6887624168556863,0.0115001576944762,0.1040674663752478
lowfcr_0000,idrome_lowfcr,salt_insensitive,0.0454753775936728,-0.2127859967644412,0.0010554995315325,-0.030791564273994917
lowfcr_0001,idrome_lowfcr,salt_insensitive,-0.0490921045423261,0.20417931324365435,-0.0010221534430717,0.04682433254749763
lowfcr_0002,idrome_lowfcr,salt_insensitive,-0.0976438036586618,0.0231151490881083,-0.0062531388087324,0.023368915751077746
lowfcr_0003,idrome_lowfcr,PE_contraction,-0.496226151655035,-0.32119271862048626,-0.0864219900009999,-0.04961081070484005
lowfcr_0004,idrome_lowfcr,non_monotonic,-0.2401265794208366,-0.4616150808230258,-0.0475754656129124,-0.07508728739360113
lowfcr_0005,idrome_lowfcr,non_monotonic,-0.2988503582528056,-0.5450461265015609,-0.0617832851641803,-0.08833678858311045
lowfcr_0006,idrome_lowfcr,non_monotonic,-0.9417355238841032,-0.4877465380462138,-0.0806570055077892,-0.06279367963224111
lowfcr_0007,idrome_lowfcr,non_monotonic,-1.0555549008388974,-0.38003281242394105,-0.1349266175815902,-0.047157121161303675
lowfcr_0008,idrome_lowfcr,salt_insensitive,-0.2833682127851768,0.1768408453066601,-0.0140338377278297,0.023844315491425558
lowfcr_0009,idrome_lowfcr,non_monotonic,-0.4388039108038186,-0.48080760111192156,-0.0487681008009075,-0.06890804486842508
lowfcr_0010,idrome_lowfcr,non_monotonic,-0.2602063207281357,-0.474018271943939,-0.0371660843590962,-0.07717490153482237
lowfcr_0011,idrome_lowfcr,salt_insensitive,-0.0221847673049496,0.3098651363658932,0.0020150325752042,0.0630642794650837
lowfcr_0012,idrome_lowfcr,salt_insensitive,0.0308162706771633,-0.38489569015676306,0.0144517986056472,-0.07137900276251753
lowfcr_0013,idrome_lowfcr,salt_insensitive,0.0470273848545751,-0.2546813654799174,0.0044735350864265,-0.036461878509634504
lowfcr_0014,idrome_lowfcr,PE_contraction,-0.2138050651089705,-0.3706181788493871,-0.0335593187086061,-0.059878642234472035
lowfcr_0015,idrome_lowfcr,non_monotonic,-0.2521781495883692,-0.04470056576065162,-0.042393127166075,0.005867487280906053
lowfcr_0016,idrome_lowfcr,non_monotonic,-0.4436795974580273,-0.41242863416454,-0.0531978575335767,-0.06499300381404333
lowfcr_0017,idrome_lowfcr,non_monotonic,-0.1447339192391185,-0.010528345298290609,-0.0333844439926375,0.0076126893728886424
lowfcr_0018,idrome_lowfcr,non_monotonic,-0.4136346478866257,-0.10170157270274782,-0.0523131810508439,-0.009373889615884673
lowfcr_0019,idrome_lowfcr,PE_contraction,-0.7956159227862376,-0.38060022029332263,-0.0929608429114294,-0.052574759170854704
lowfcr_0020,idrome_lowfcr,salt_insensitive,-0.2253152309898504,-0.04740043527028037,-0.0156573656038791,-0.011491840854515628
lowfcr_0021,idrome_lowfcr,non_monotonic,-0.1886802860520026,0.31712219747600673,-0.0377075875124929,0.04653662161482208
lowfcr_0022,idrome_lowfcr,salt_insensitive,0.0225644427878035,0.29340704318079824,0.0078654086063846,0.044801045407689435
lowfcr_0023,idrome_lowfcr,salt_insensitive,0.1487630928587806,-0.028472935721070236,0.0006621906423175,-0.011313852529547405
lowfcr_0024,idrome_lowfcr,salt_insensitive,-0.0272700513973736,-0.5131726967333272,-0.0159105486229817,-0.0925068032563732
lowfcr_0025,idrome_lowfcr,salt_insensitive,0.0705971859380558,-0.7043690036109167,0.012004575943379,-0.12586925480221173
lowfcr_0026,idrome_lowfcr,salt_insensitive,0.0033203407086714,0.16042337661499917,-0.0032833542321346,0.035179649865987664
lowfcr_0027,idrome_lowfcr,salt_insensitive,0.0237125687845131,0.10292954438286023,-0.0095241367960666,0.027248199012292154
lowfcr_0028,idrome_lowfcr,salt_insensitive,0.059116980153985,-0.04159794163720676,0.0072477935541346,0.0008684028396852977
lowfcr_0029,idrome_lowfcr,non_monotonic,0.2791457191367325,0.19721019646531018,0.0441202622545965,0.044163042301397615
lowfcr_0030,idrome_lowfcr,salt_insensitive,-0.1813837886451848,-0.1143893633224482,-0.0229529229034902,-0.01373286098639924
lowfcr_0031,idrome_lowfcr,salt_insensitive,-0.0554619125581379,0.07962343206474132,0.0110279391230804,0.03244248816518139
lowfcr_0032,idrome_lowfcr,salt_insensitive,0.10263941210933,0.007354077843306106,0.026705446657938,0.0013932275316566461
lowfcr_0033,idrome_lowfcr,non_monotonic,0.3826508897914398,-0.2183176971510189,0.0320121755559046,-0.03312025264769683
lowfcr_0034,idrome_lowfcr,salt_insensitive,0.1936952634487633,0.0406738491413321,0.0241111581792408,0.004207536799524722
lowfcr_0035,idrome_lowfcr,salt_insensitive,0.2649193932284668,-0.13158231876016857,0.0192389195091301,-0.0239583819513825
lowfcr_0036,idrome_lowfcr,salt_insensitive,0.0393137075901011,-0.3167969179966357,0.0184027138531794,-0.05028429441992248
lowfcr_0037,idrome_lowfcr,salt_insensitive,0.0724727652668176,0.01933845498702158,0.0222369602267717,0.009616688037056759
lowfcr_0038,idrome_lowfcr,salt_insensitive,0.0483716518262819,0.11455350637807532,0.0161579254077231,0.02784016496807515
lowfcr_0039,idrome_lowfcr,salt_insensitive,0.0070927231019944,0.050531616674768076,0.0083451213499844,0.020744347137181138
lowfcr_0040,idrome_lowfcr,salt_insensitive,0.0118178708823232,-0.38820224758797783,0.0029678244646536,-0.06640243746040214
lowfcr_0041,idrome_lowfcr,salt_insensitive,0.0814354361358822,-0.19227088704437145,0.0146605722759417,-0.03279771907862701
lowfcr_0042,idrome_lowfcr,salt_insensitive,0.0268786741957328,-0.28653837536023397,0.0013195944066438,-0.04536254147990247
lowfcr_0043,idrome_lowfcr,salt_insensitive,-0.0332045703712146,-0.5304107935019002,-0.0005050559010842,-0.09668805062563086
lowfcr_0044,idrome_lowfcr,salt_insensitive,0.1601912709841891,-0.21308943951160286,0.0196451100322697,-0.03525691802102185
lowfcr_0045,idrome_lowfcr,salt_insensitive,-0.1121115064455579,0.04580834906918174,-0.0165033647979438,0.015426002368978037
lowfcr_0046,idrome_lowfcr,salt_insensitive,0.1068745198773753,0.11906886240210685,0.0108158852633184,0.03284711425072773
lowfcr_0047,idrome_lowfcr,non_monotonic,0.3862783732693904,0.03599227625356072,0.0341002152908304,0.0180034687305851
lowfcr_0048,idrome_lowfcr,salt_insensitive,0.4202072354260273,-0.048354530554810204,0.0257139948665321,-0.016255754929610344
lowfcr_0049,idrome_lowfcr,salt_insensitive,-0.0905241451878679,-0.24641872503789097,-0.0176639074265764,-0.04221793862401625
lowfcr_0050,idrome_lowfcr,salt_insensitive,0.0302373053458615,0.4028414738129743,0.0002961800412282,0.08807773739364039
lowfcr_0051,idrome_lowfcr,PE_contraction,-0.1303820919333857,0.05535671217637933,-0.0327533041442597,0.020640745395622273
lowfcr_0052,idrome_lowfcr,salt_insensitive,-0.0641116674411167,0.45441842789991754,-0.0148089726802605,0.09334681700936884
lowfcr_0053,idrome_lowfcr,non_monotonic,0.1065616969280064,0.41767477856012264,0.0342974300532513,0.08520906406839895
lowfcr_0054,idrome_lowfcr,salt_insensitive,-0.0130943045555579,0.4681594435979694,0.0024883664492375,0.10528669514605739
lowfcr_0055,idrome_lowfcr,salt_insensitive,0.0108702677794201,-0.10030977437006283,0.010429725931214,-0.007457606962067612
lowfcr_0056,idrome_lowfcr,salt_insensitive,-0.0702471216119332,-0.0646107047812321,-0.0104144750841796,-0.00455550327874267
lowfcr_0057,idrome_lowfcr,non_monotonic,0.228255250499425,0.09077147566833504,0.0424787219851218,0.028932903601152554
