seq_id,seq_name,UniProt_ID,N,nu,SPR,ete2_Rg2,S,Delta,Rg/nm,Ree/nm,Rh/nm,fK,fR,fE,fD,faro,mean_lambda,shd,scd,kappa,fcr,ncpr,fasta,is_btw_folded,is_nterm,is_cterm,is_idp,first,last,N_FL,protein_name,gene_name,QCDpred,z_delta_+-,z_omega_pi,z_omega_+,z_omega_-,z_omega_h,fdomain,nu_svr,SPR_svr,subset
lowfcr_0000,C9JFL3_1_82,C9JFL3,82,0.559,10.06955808035116,6.264879330141564,0.9574421308056356,0.2273269256934395,2.5103310459452595,5.975421875775463,2.000088961259199,0.0121951219512195,0.0,0.0,0.0121951219512195,0.0,0.4978401612092987,3.9908249256515713,-0.1163104634095414,0.1283819704872336,0.048780487804878,0.0,MDPGPKGHCHCGGHGHPPGHCGPPPGHGPGPCGPPPHHGPGPCGPPPGHGPGPCGPPPHHGPGPCGPPPGHGPGHPPPGPHH,False,False,False,True,1,82,82,"Proline, histidine and glycine-rich protein 1",PHGR1,0.0167386363636363,0.0,0.0,0.0,0.0,0.0,0.0,0.537,10.048,idrome_lowfcr
lowfcr_0001,Q9BYP8_1_105,Q9BYP8,105,0.542,9.909196708358907,6.128498602946321,0.9190457404931284,0.2166159826381402,2.7458084114757213,6.477882523548724,2.1550819860647503,0.0095238095238095,0.0,0.0285714285714285,0.019047619047619,0.0095238095238095,0.5377699444472893,4.602940076803657,0.2674677690368469,0.3216011758121856,0.0571428571428571,-0.0380952380952381,MGCCPGDCFTCCTQEQNCCEECCCQPGCCGCCGSCCGCGGSGCGGSGCGGSCCGSSCCGSGCGGCGGCGGCGGGCCGSSCCGSSCCGSGCCGPVCCQPTPICDTK,False,False,False,True,1,105,105,Keratin-associated protein 17-1,KRTAP17-1,0.2266586516853932,0.0,0.0,0.0,0.0,0.0,0.0,0.504,9.942,idrome_lowfcr
lowfcr_0002,A0A1B0GTR4_1_108,A0A1B0GTR4,108,0.55,10.224722164374386,6.396816138112523,0.8741406143955992,0.2049339645665465,3.0685488968914383,7.405599207468708,2.4034100445985107,0.0648148148148148,0.0092592592592592,0.0092592592592592,0.0,0.0092592592592592,0.4066066182080184,3.483519815692153,1.287033330796762,0.1927306358364704,0.0833333333333333,0.0648148148148148,MSQQKQKQCAPPQQCCPPPQQRCPPPQQCCPPPQQCCPPPQQCCPPPQQCCPPPQQCCPPPQQCCPPPQQYCPPPQQTKQPCQPPPKCQEPCAPKCPPPQQCQTSKQK,False,False,False,True,1,108,108,Putative small proline-rich protein 5,SPRR5,0.1159068478260869,0.0,0.0,0.0,0.0,0.0,0.0,0.557,10.139,idrome_lowfcr
lowfcr_0003,A0A286YFB4_1_120,A0A286YFB4,120,0.536,9.760408061969065,6.26812826108158,0.8925012325383518,0.2178990242449048,2.8532752377996697,6.805739855766296,2.263325183044631,0.025,0.05,0.0,0.0,0.0083333333333333,0.5906750825268999,5.174472545228099,1.8092265030958288,0.1956022032049814,0.0916666666666666,0.075,MGCCGCGGCGGCGGRCGGCGGGCGGGCGGGCGGGCGGGCGGGCGGGCGGGCGGSCGSCTTCRCYRVGCCSSCCPCCRGCCGGCCSTPVICCCRRTCHSCGCGCGKGCCQQKCCCQKQCCC,False,False,False,True,1,120,120,Small cysteine and glycine repeat-containing protein 2,SCYGR2,0.3688679807692307,0.0,0.0,0.0,0.0,0.0,0.0,0.502,9.841,idrome_lowfcr
lowfcr_0004,O75690_1_187,O75690,187,0.541,9.943385617114478,6.178253883280244,0.8755355119669455,0.2117360962792533,3.924869384863552,9.338141263615002,2.9816143036107814,0.0588235294117647,0.0053475935828877,0.0,0.0053475935828877,0.0053475935828877,0.5150139850859626,4.95056440073302,2.1732043049274954,0.1445783906633873,0.0802139037433155,0.0588235294117647,MGCCGCSGGCGSGCGGCGSGCGGCGSSCCVPICCCKPVCCCVPACSCSSCGSCGGSKGGRGSCGGSKGDCGSCGGSKGGCGSCGCSQCSCYKPCCCSSGCGSSCCQSSCCKPCCSQSSCCKPCSCSSGCGSSCCQSSCCKPCCSQSSCCKPCCCSSGCGSSCCQSSCCKPCCSQSSCCVPICCQCKI,False,False,False,True,1,187,187,Keratin-associated protein 5-8,KRTAP5-8,0.4343507017543859,0.0,0.0,0.0,0.0,0.0,0.0,0.52,9.916,idrome_lowfcr
lowfcr_0005,Q701N4_1_177,Q701N4,177,0.543,9.89568434862248,6.196752286597573,0.8878865819074526,0.2155990807259,3.789667216453126,9.002483138953796,2.8612230941945684,0.0451977401129943,0.0169491525423728,0.0,0.0,0.0112994350282485,0.5336454227824299,5.079807185038811,2.304892799914869,0.1352187628631182,0.0734463276836158,0.0621468926553672,MGCCGCSRGCGSGCGGCGSSCGGCGSGCGGCGSGRGGCGSGCGGCSSSCGGCGSRCYVPVCCCKPVCSWVPACSCTSCGSCGGSKGGCGSCGGSKGGCGSCGGSKGGCGSCGCSQSSCCKPCCCSSGCGSSCCQSSCCKPCCCQSSCCVPVCCQSSCCKPCCCQSNCCVPVCCQCKI,False,False,False,True,1,177,177,Keratin-associated protein 5-2,KRTAP5-2,0.3940487577639751,0.0,0.0,0.0,0.0,0.0,0.0,0.519,9.891,idrome_lowfcr
lowfcr_0006,Q6L8H4_1_278,Q6L8H4,278,0.535,9.828606928566138,6.087377492714821,0.904265588612531,0.2368877592519388,4.826869971461623,11.338541205844496,3.574863283225493,0.0611510791366906,0.0035971223021582,0.0,0.0,0.0,0.5371233918630283,5.598589329614079,4.752317843818118,0.1322076210569905,0.0719424460431654,0.0647482014388489,MGCCGCSGGCGSSCGGCGSGCGGCGSGCGGCGSGCGGSGSSCCVPVCCCKPVCCRVPTCSCSSCGKGGCGSSGGSKGGCGSCGGCKGGCGSCGGSKGGCGSCGGSKGGCGSCGGSKGGCGSGCGGCGSSCCVPVCCCKPMCCCVPACSCSSCGKGGCGSCGCSKGACGSCGGSKGGCGSCGGCKGGCGSCGGSKGGCGSGCGGCGSGCGVPVCCCSCSSCGSCAGSKGGCGSSCSQCSCCKPCCCSSGCGSSCCQSSCCKPCCSQSSCCVPVCCQCKI,False,False,False,True,1,278,278,Keratin-associated protein 5-1,KRTAP5-1,0.2939393511450382,0.0,0.0,0.0,0.0,0.0,0.0,0.52,9.848,idrome_lowfcr
lowfcr_0007,Q6L8H1_1_288,Q6L8H1,288,0.527,9.834459138856582,5.971535366668473,0.9842033502897476,0.2280397729660238,4.866335248098122,11.331312983686274,3.613979882147585,0.0625,0.0,0.0,0.0,0.0069444444444444,0.5420489788655533,5.687484825798555,4.369458438209059,0.1324708527837939,0.0694444444444444,0.0625,MGCCGCSGGCGSGCGGCGSGCGGCGSGCGGCGSGCGGCGSGCGGCGSSCCVPICCCKPVCCCVPACSCSSCGSCGGSKGGYGSCGGSKGGCVSCGGSKGGCGSCGGSKGGCGSCGGSKGGCGSCGGSKGGCVSCGGSKGGCGSCGGSKGGCVSCGGSKGGCGSCGGSKGGCGSCGGSKGGCGSCGGSKGGCGSCGCSQCSCCKPCCCSSGCGSSCCQSSCCKPCCSSSGCGSSCCQSSCCKPYCCQSSCCKPCCSSSGCGSSCCQSSCCNPCCSQSSCCVPVCCQCKI,False,False,False,True,1,288,288,Keratin-associated protein 5-4,KRTAP5-4,0.2748288602941176,0.0,0.0,0.0,0.0,0.0,0.0,0.516,9.831,idrome_lowfcr
lowfcr_0008,P60331_1_282,P60331,282,0.531,10.02395294574182,6.119594318907759,0.9839292820807102,0.2232590622631882,5.00914807796662,11.769155835262453,3.743935637142688,0.0177304964539007,0.0283687943262411,0.0141843971631205,0.0141843971631205,0.0070921985815602,0.4348272542398319,4.53671996524685,-0.534898335157796,0.220923424504447,0.0815602836879432,0.0177304964539007,MAASTMSVCSSACSDSWQVDACPESCCEPHCCALSCCAPAPCLTLVCTPVSRVSSPCCQAACEPSPCQSGCTSSCTPSCCQQSSCQPACCTSSPCQQACCVPVCCKPVCCLPTCSKDSSSCCQQSSCQPTCCASSSSQQSCCVPVCCKPVCYVPTCSEDSSSCCQQSSCHPACCTSSPCQQACCVPVRCKPVCCKPICCVPVCSGASTSCCQQSSCQPACCTTSCCRPSSSVSLLCRPVCRPACCMPVSSCCAPASSCQASCCRPASCVSLLCRPACSRPAC,False,False,False,True,1,282,282,Keratin-associated protein 10-1,KRTAP10-1,0.5575842105263159,0.0,0.0,0.0,0.0,2.681315434503515,0.0,0.52,9.985,idrome_lowfcr
lowfcr_0009,Q6L8H2_1_238,Q6L8H2,238,0.539,9.904858764048614,6.197398535951764,0.9372839430055784,0.2400592336175691,4.476111465026321,10.646707468923896,3.35271245021398,0.0588235294117647,0.0042016806722689,0.0,0.0,0.0126050420168067,0.5176953670594858,5.228468979093972,3.5458256371034604,0.1399890595709245,0.0714285714285714,0.0630252100840336,MGCSGCSGGCGSSCGGCGSSCGGCGSGYGGCGSGCCVPVCCCKPVCCCVPACSCSSCGSCGGSKGVCGSCGGCKGGCGSCGGSKGGCGSSCCVPVCCSSSCGSCGGSKGVCGFRGGSKGGCGSCGCSQCSCYKPCCCSSGCGSSCCQSSCCKPSCSQSSCCKPCCSQSSCCKPCCCSSGCGSSCCQSSCCKPCCSQSSCCKPCCCSSGCGSSCCQSSCCKPCSSQSSCCVPICCQCKI,False,False,False,True,1,238,238,Keratin-associated protein 5-3,KRTAP5-3,0.4075326576576576,0.0,0.0,0.0,0.0,0.0,0.0,0.523,9.891,idrome_lowfcr
lowfcr_0010,Q6L8G5_1_202,Q6L8G5,202,0.55,9.864680403940357,6.172718151507175,0.9683089737563106,0.2283400682206731,4.080433380507944,9.664747834205627,3.043551567670649,0.0544554455445544,0.0,0.0,0.0049504950495049,0.0049504950495049,0.5342188620962488,5.227270121986746,1.6004817384891918,0.1365117628059164,0.0693069306930693,0.0495049504950495,MGCCGCSGGCGSGCGGCGSGCGGCGSGCGGYGSGCGGCGSSCCVPVCCCKPVCCCVPACSCSSCGSCGGSKGDCGSCGGSKGGCGSCGGSKGGCGSCGGSKGGCGSCGGSKGGCGSCGGSKGGCGSCGGSKGGCGSCGCSQCNCCKPCCCSSGCGSCCQSSCCNPCCCQSSCCVPVCCQSSCCKPCCCQSSCCVPVCCQCKI,False,False,False,True,1,202,202,Keratin-associated protein 5-10,KRTAP5-10,0.340052688172043,0.0,0.0,0.0,0.0,0.0,0.0,0.51,9.867,idrome_lowfcr
lowfcr_0011,A0A286YEX9_1_47,A0A286YEX9,47,0.531,9.64228183996736,5.838869231570183,0.9184448775843398,0.2255491535839535,1.670664626347821,3.850535319429456,1.4273243907263349,0.0,0.0425531914893617,0.0,0.0,0.0212765957446808,0.6444810533162888,4.448698376270713,0.0705664849011787,0.3379850047712161,0.0425531914893617,0.0425531914893617,MGCCGCGGCGGRCSGGCGGGCGGGCGGGCGGGCGGCGGGCGSYTTCR,False,False,False,True,1,47,47,Small cysteine and glycine repeat-containing protein 10,SCYGR10,0.0444954838709677,0.0,0.0,0.0,0.0,0.0,0.0,0.494,9.934,idrome_lowfcr
lowfcr_0012,O15225_1_51,O15225,51,0.538,10.211483056792366,6.233947426137715,0.8812997197543982,0.2046782975674375,1.9078368603777616,4.527507172991531,1.6278924077769636,0.0,0.0,0.0,0.0,0.0196078431372549,0.4807960032046006,3.3731066898490947,-0.1386483884679505,0.1846705805609915,0.0392156862745098,0.0,MSGPLSPVCSCPQLPFMLSPCHMHHHPGHVALSQTVSPASLLTQGLGLPQH,False,False,False,True,1,51,51,Putative inactivation escape 1 protein,INE1,0.5924968571428572,0.0,0.0,0.0,0.0,-1.817923982610011,0.0,0.558,10.166,idrome_lowfcr
lowfcr_0013,P60328_1_96,P60328,96,0.536,10.167455641104846,6.087166449843767,0.8792119165450805,0.2029528693261847,2.761851581674901,6.50318189534274,2.204722504833151,0.0,0.03125,0.0,0.0,0.0208333333333333,0.4540809697829355,3.751716158638124,0.1373662801558911,0.2292755157197725,0.0520833333333333,0.03125,MCHTSCSPACQPTCCIHSPCQASCYVPVSCQSSVCMPVSCTRIVCVAPSCQPSVCVPVSCRPIIYVTPSCQSSGCCQPPCTTALCRPISCSTPSCC,False,False,False,True,1,96,96,Keratin-associated protein 12-3,KRTAP12-3,0.717450625,0.0,0.0,0.0,0.0,1.036690222765305,0.0,0.544,10.09,idrome_lowfcr
lowfcr_0014,P59990_1_96,P59990,96,0.55,10.06144699277395,6.183804491943093,0.9760176225273344,0.2320914262197448,2.817414462793372,6.645122889135823,2.222859593625873,0.0104166666666666,0.03125,0.0,0.0,0.03125,0.4491484320086649,3.703608756285872,0.2674676664836191,0.1997547858556025,0.0625,0.0416666666666666,MCHTSCSSGCQPACCAPSPCQASCYIPVGCQSSVCVPVSFKPAVCVPVRCQSSVCVPVSCRPVVYAAPSCQSSGCCQPSCTSVLCRPISCSTPSCC,False,False,False,True,1,96,96,Keratin-associated protein 12-1,KRTAP12-1,0.683106375,0.0,0.0,0.0,0.0,1.8969532451144373,0.0,0.547,10.098,idrome_lowfcr
lowfcr_0015,A8MTY7_1_169,A8MTY7,169,0.503,10.07244494851578,5.922977251993157,0.8174217224462064,0.210853503234504,3.549614849087749,8.19893796486084,2.7917622176661303,0.0059171597633136,0.0355029585798816,0.0059171597633136,0.0,0.029585798816568,0.483574897498514,4.562848755459086,0.5494932309391215,0.2350325453142246,0.059171597633136,0.0355029585798816,MTHCCSPCCQPTCCRTTCWKPTTVTTCSSTPCCQPSCCVSSCCQPCCHPTCCQNTCCRTTCCQPTCVTSCCQPSCCSTPCCQPICCGSSCCGQTSCGSSCCQPSSCAPIYCRRTCYHPTSVYLPGCLNQSCGSSCCQPCCRPACCETTCCRTTCFQPTCVTSCCQPACC,False,False,False,True,1,169,169,Keratin-associated protein 9-7,KRTAP9-7,0.5869919607843137,0.0,0.0,0.0,0.0,0.0,0.0,0.519,9.968,idrome_lowfcr
lowfcr_0016,P26371_1_169,P26371,169,0.535,9.944657047765595,6.156380782002312,0.9003670712297889,0.2272238611637706,3.693005269865776,8.741921273265222,2.8249390243260457,0.0532544378698224,0.0236686390532544,0.0,0.0059171597633136,0.0177514792899408,0.5166257197070838,4.862105049199252,2.665807533878334,0.1537624859202015,0.0946745562130177,0.0710059171597633,MGCCGCSGGCGSSCGGCDSSCGSCGSGCRGCGPSCCAPVYCCKPVCCCVPACSCSSCGKRGCGSCGGSKGGCGSCGCSQCSCCKPCCCSSGCGSSCCQCSCCKPYCSQCSCCKPCCSSSGRGSSCCQSSCCKPCCSSSGCGSSCCQSSCCKPCCSQSRCCVPVCYQCKI,False,False,False,True,1,169,169,Keratin-associated protein 5-9,KRTAP5-9,0.4553069281045751,0.0,0.0,0.0,0.0,0.0,0.0,0.524,9.932,idrome_lowfcr
lowfcr_0017,Q9BYQ0_1_159,Q9BYQ0,159,0.518,10.0884716124181,6.014008210049714,0.8957855175653254,0.1926259882864262,3.507674414489068,8.16251007571365,2.7394231696363205,0.0062893081761006,0.0377358490566037,0.0062893081761006,0.0,0.0251572327044025,0.4797920725369471,4.463145254228702,0.549051728857502,0.2332282336255914,0.0628930817610062,0.0377358490566037,MTHCCSPCCQPTCCRTTCWKPTTVTTCSSTPCCQPSCCVSSCCQPCCRPTCCQNTCCQPICVTSCCQPSCCSTPCCQPTCCGQTSCGSSCGQSSSCAPVYCRRTCYHPTTVCLPGCLNQSCGSNCCQPCCRPACCETTCCRTTCFQPTCVSSCCQPSCC,False,False,False,True,1,159,159,Keratin-associated protein 9-8,KRTAP9-8,0.557846013986014,0.0,0.0,0.0,0.0,0.0,0.0,0.522,9.982,idrome_lowfcr
lowfcr_0018,Q9BYQ4_1_174,Q9BYQ4,174,0.533,10.069057392295472,6.099527333429427,0.9540947741930806,0.2140106313349861,3.732278651548926,8.73166742969041,2.866310387402994,0.0057471264367816,0.0459770114942528,0.0057471264367816,0.0,0.028735632183908,0.4849758329927773,4.599600540861773,0.992660639859494,0.2096672245351329,0.0689655172413793,0.0459770114942528,MTHCCSPCCQPTCCRTTCCRTTCWKPTTVTTCSSTPCCQPACCVSSCCQPCCRPTCCQNTCCRTTCCQPTCVTSCCQPSCCSTPCCQPTCCGSSCCGQTSCGSSCGQSSSCAPVYCRRTCYYPTTVCLPGCLNQSCGSNCCQPCCRPACCETTCCRTTCFQPTCVSSCCQPSCC,False,False,False,True,1,174,174,Keratin-associated protein 9-2,KRTAP9-2,0.5633182911392405,0.0,0.0,0.0,0.0,0.0,0.0,0.521,9.965,idrome_lowfcr
lowfcr_0019,Q701N2_1_237,Q701N2,237,0.531,9.82036859757098,6.08526265059628,0.9405062127027513,0.2131026367129612,4.348493996962,10.226588073041704,3.272218748313226,0.0590717299578059,0.0084388185654008,0.0,0.0,0.0210970464135021,0.544249612867945,5.493956825388495,4.00217021893051,0.1497083800998564,0.0759493670886076,0.0675105485232067,MGCCGCSGGCGSGCGGRGSGCGGCGSGCGGCGSGCGGCGSGCGGCGGCGSGCAGCGGCGSGCCVPVCCCKPMCCCVPACSCSSCGKGGCGSCGGSKRGCVSCGVSKGACGSCGGSKGGCGSCGGSKGGCGSCGGSKGGCGSCGGSKGGCGSYGCSQSSCCKPCCCSSGCGSSCCQSSCCKPYCCQSSCCKPYCCQSSCCKPCSCFSGCGSSCCQSSCYKPCCCQSSCCVPVCCQCKI,False,False,False,True,1,237,237,Keratin-associated protein 5-5,KRTAP5-5,0.3449468778280543,0.0,0.0,0.0,0.0,0.0,0.0,0.518,9.849,idrome_lowfcr
lowfcr_0020,P60014_1_251,P60014,251,0.518,10.084558095359446,5.931597059227184,0.8849939104234732,0.2337909975703262,4.697976292263235,10.91289994536024,3.542493844239804,0.0159362549800796,0.0199203187250996,0.0159362549800796,0.0119521912350597,0.0239043824701195,0.4383097726832971,4.46615059624356,-0.7330615257336054,0.1955604083184276,0.0717131474103585,0.0079681274900398,MAASTMSICSSACTDSWRVVDCPESCCEPCCCAPAPSLTLVCTPVSCVSSPCCQTACEPSACQSGYTSSCTTPCYQQSSCQPDCCTSSPCQQACCVPVCCVPVCCVPVCNKPVCFVPTCSESSPSCCQQSSCQPTCCTSSPCQQACCVPVCSKSVCYVPVCSGASTSCCQQSSCQPACCTASCCRPSSSVSLLCHPVCKSTCCVPVPSCGASASSCQPSCCRTASCVSLLCRPVCSRPACYSLCSGQKSSC,False,False,False,True,1,251,251,Keratin-associated protein 10-10,KRTAP10-10,0.5686553191489362,0.0,0.0,0.0,0.0,3.5989273111877877,0.0,0.524,9.991,idrome_lowfcr
lowfcr_0021,P60412_1_298,P60412,298,0.515,10.034192436430285,5.947664731300638,0.8473179387551408,0.2156737191922706,5.106473687253501,11.836238213500591,3.8448209850178414,0.023489932885906,0.0268456375838926,0.0134228187919463,0.0134228187919463,0.0167785234899328,0.4377167179463883,4.612965513300488,-0.852819852957499,0.2429258421218111,0.0838926174496644,0.023489932885906,MAASTMSVCSSAYSDSWQVDDCPESCCEPPCSAPSCCAPAPSLSLVCTPVSCVSSPCCQAACEPSACQSGCTSSCTPSCCQQSSCQPACCTSSPCQQACCVPVCCKTVCCKPVCCVPVCCGAASSCCRQSSCQPACCASSSCQPACCVPVCCKPVCCVSTCSEDSSSCCQQSSCQPACCTSSSYQQACCVPVCCKTVYCKPICCVPVCSRASSSRCQQPSCQPACCTTSCCRPSSSVSLLCHPVCRSTCCVPVSSCCAPTSSCQSSCCRPASCVSLLCRPASSRLACYSLCSGKKSSC,False,False,False,True,1,298,298,Keratin-associated protein 10-11,KRTAP10-11,0.5840204609929077,0.0,0.0,0.0,0.0,2.4624547034412223,0.0,0.515,9.976,idrome_lowfcr
lowfcr_0022,P60411_1_292,P60411,292,0.517,10.017707084373288,6.021751389077777,0.8761220073995928,0.2046210676778069,5.012073678959281,11.65705542877467,3.7638938123851378,0.0171232876712328,0.0308219178082191,0.0136986301369863,0.0136986301369863,0.0308219178082191,0.448017218652179,4.701287789475043,-0.5736088464857754,0.2424061102628226,0.0821917808219178,0.0205479452054794,MAASTMSIRSSAYSDSWQVDDCPESCCEPPCCATSCCAPAPCLTLVCTPVSRVSSPCCQVTCEPSPCQSGCTSSCTPSCCQQSSCQPAYCTSSPCQQACCVPVCCKPVCCVPVCCGASSCCQQSSYQPACCASSSCQPACCVPVCCKPVCCAPTCSEDSYSCCQQSSCQPACCTSSPCQQSYCVPVCCKPVCCKPICCVPVCSGASSLCCQQSGCQPACCTTSCCRPSSSVSLLCRPVCRPACCVPVSSCCAPTSSRQPSYCRQASCVSLLCRPVCSRPACYSFSSGQKSSC,False,False,False,True,1,292,292,Keratin-associated protein 10-9,KRTAP10-9,0.5763860144927536,0.0,0.0,0.0,0.0,2.5101195683600364,0.0,0.512,9.964,idrome_lowfcr
lowfcr_0023,P60410_1_259,P60410,259,0.529,9.997631661569846,5.9659652497359765,0.8837688654348943,0.2220713851635454,4.790848915488202,11.107907707281788,3.581422094244214,0.0154440154440154,0.0308880308880308,0.0115830115830115,0.0154440154440154,0.0154440154440154,0.4442368644423018,4.556350108590507,-0.216644287628143,0.186645428859964,0.081081081081081,0.0193050193050193,MADACCTRTYVIAASTMSVCSSDVGHVSRVSSPSTCTGSSWQVDNCQESCCEPRSCASSCCTPSCCAPAPCLALVCAPVSCEPSPCQSGCTDSCTPSCCQQSSCQPACCTSSPCQQACCVPVCCKSNCCKPVCCVSICSGASSPCCQQSSCQSACCTFSPCQQACCVPICCKPICCVPVCSGASSLCCQKSSCQPACCTTSCCRPSSSVSLLCRPVCRPACCVPVPSCCVPASSCQPSCCHPASCLSFLCRPACSRLAC,False,False,False,True,1,259,259,Keratin-associated protein 10-8,KRTAP10-8,0.5837584362139917,0.0,0.0,0.0,0.0,2.090633151686508,0.0,0.522,9.98,idrome_lowfcr
lowfcr_0024,P40305_1_122,P40305,122,0.532,9.97260165373248,5.940542831916987,0.8893258507294765,0.2122253174885116,3.191026863326615,7.402782577577263,2.4739589713834778,0.0245901639344262,0.0245901639344262,0.0081967213114754,0.0,0.0327868852459016,0.4402727944557793,3.847643011681782,0.4928455976085181,0.1784879275402454,0.0737704918032786,0.040983606557377,MEASALTSSAVTSVAKVVRVASGSAVVLPLARIATVVIGGVVAMAAVPMVLSAMGFTAAGIASSSIAAKMMSAAAIANGGGVASGSLVATLQSLGATGLSGLTKFILGSIGSAIAAVIARFY,False,False,False,True,1,122,122,"Interferon alpha-inducible protein 27, mitochondrial",IFI27,0.718578962264151,0.0,0.0,0.0,0.0,-2.0301174085028952,0.1639344262295081,0.544,10.075,idrome_lowfcr
lowfcr_0025,Q96BM0_1_104,Q96BM0,104,0.534,9.921424535081597,5.959233650933659,0.9094259637927472,0.2223929533002172,2.882003893559776,6.693097754921576,2.269877458800469,0.0288461538461538,0.0096153846153846,0.0096153846153846,0.0096153846153846,0.0384615384615384,0.4480836564871233,3.774870496127192,-0.0273796243147036,0.146856360361777,0.0769230769230769,0.0192307692307692,MGKESGWDSGRAAVAAVVGGVVAVGTVLVALSAMGFTSVGIAASSIAAKMMSTAAIANGGGVAAGSLVAILQSVGAAGLSVTSKVIGGFAGTALGAWLGSPPSS,False,False,False,True,1,104,104,Interferon alpha-inducible protein 27-like protein 1,IFI27L1,0.6417854545454545,0.0,0.0,0.0,0.0,-0.5998232941047605,0.1923076923076923,0.545,10.084,idrome_lowfcr
lowfcr_0026,Q6XCG6_1_107,Q6XCG6,107,0.532,10.085685390520004,5.986572517623901,0.971940867643525,0.2255699088639253,2.868410314547724,6.683162544592462,2.266790075279056,0.0093457943925233,0.0467289719626168,0.0093457943925233,0.02803738317757,0.0467289719626168,0.4829729112518205,4.078113494784507,-0.0666784995625715,0.2882450211716003,0.0934579439252336,0.0186915887850467,MWLSPWSTCPPHPLPSCLTACCSPAHQPVRGSAQPPASDLCTCVTCCSGPHPNYPPAHLLPTSSLPICPGLICCLLTCLLVDCFSALLSACETRDLSPWKARRVLLR,False,False,False,True,1,107,107,Putative uncharacterized protein PP632,,0.5537342857142856,0.0,0.0,0.0,0.0,1.2439426878966924,0.0,0.521,10.034,idrome_lowfcr
lowfcr_0027,P0C5Y4_1_121,P0C5Y4,121,0.532,9.97625290178579,6.208289852059665,0.863586002306957,0.220312463790661,2.9713077094083684,7.037180303985422,2.370699171553474,0.0,0.0330578512396694,0.0413223140495867,0.0082644628099173,0.0330578512396694,0.4966114673816293,4.361929715419704,-0.0952308503501941,0.2548911260846575,0.0991735537190082,-0.0165289256198347,MASCSTSGTCGSSCCQPSCCETSCCQPSCCQTSSCGTGCGIGGGIGYGQEGSGGSVSTRIRWCHPDCHVEGTCLPPCYLVSCTPPSCCQLHHAEASCCRPSYCGQSCCRPACCCHCCEPTC,False,False,False,True,1,121,121,Keratin-associated protein 1-4,KRTAP1-4,0.3930744761904761,0.0,0.0,0.0,0.0,0.0,0.0,0.512,9.989,idrome_lowfcr
lowfcr_0028,P60329_1_112,P60329,112,0.534,10.053535413166673,6.09000668863999,0.9176145281162262,0.1962751057438811,2.9914734631874875,7.0014242854985325,2.349281531072067,0.0089285714285714,0.0178571428571428,0.0089285714285714,0.0,0.0535714285714285,0.4731621671954266,4.053737523738375,-0.0011496258628719,0.2638223209259157,0.0535714285714285,0.0178571428571428,MCHTSHSSGCPMACPGSPCCVPSTCYPPEGYGTSCCCSAPCVALLCRPLCGVSTCCQPACCVPSPCQVACCVPVSCKPVLCVASFCPTSGCCQPFCPTLVYRPVTWSTPTGC,False,False,False,True,1,112,112,Keratin-associated protein 12-4,KRTAP12-4,0.6694619791666666,0.0,0.0,0.0,0.0,0.8787057760915316,0.0,0.53,10.039,idrome_lowfcr
lowfcr_0029,Q8N377_1_158,Q8N377,158,0.537,10.00286970916053,6.224328254899382,0.8970876669000064,0.2028024088480216,3.6304636170204208,8.606845361656612,2.79318902817507,0.0126582278481012,0.0253164556962025,0.0189873417721519,0.0126582278481012,0.0443037974683544,0.436594672444061,4.03245209769261,-0.1829653196068799,0.2540758623453782,0.0822784810126582,0.0063291139240506,MDFRQISPTTCTTPASSSSAAPPTPASSSSAAPPTPASSSSAAPPTPANCSTAAPPTPANCSTAAPPTPASSGSAAPPTPAPDHWWMEAPHHWLPGLLARCGSRQLPSSVGLACFGTAAVPRKPVNWACQGSHGELEASQVGSGKAGPCTPHPSLLGF,False,False,False,True,1,158,158,,,0.2430237323943661,0.0,0.0,0.0,0.0,0.0,0.0,0.53,10.044,idrome_lowfcr
lowfcr_0030,Q9BYP9_1_154,Q9BYP9,154,0.52,10.061764695723529,5.998026545374316,0.8874828804432121,0.2047403474579591,3.4064607232738915,7.963632852380926,2.6806538193796663,0.0064935064935064,0.0519480519480519,0.0064935064935064,0.0,0.0324675324675324,0.4895129322873627,4.525923973263609,1.0263439799030607,0.2043235644801684,0.0779220779220779,0.0519480519480519,MTHCCSPCCQPTCCRTTCCRTTCWKPTTVTTCSSTPCCQPSCCVSSCCQPCCRPACCQNTCCRTTCCQPTCLSSCCGQTSCGSSCGQSSSCAPVYCRRTCYYPTTVCLPGCLNQSCGSSCCQPCCRPACCETTCCRTTCFQPTCVSSCCQPSCC,False,False,False,True,1,154,154,Keratin-associated protein 9-9,KRTAP9-9,0.5833879710144928,0.0,0.0,0.0,0.0,0.0,0.0,0.522,9.974,idrome_lowfcr
lowfcr_0031,A8MVA2_1_160,A8MVA2,160,0.495,9.958087979701787,5.96121306246705,0.9032432280632112,0.1984533786974443,3.382647671668816,7.798110535048475,2.687371569171024,0.0,0.03125,0.0,0.0,0.0375,0.4954232010074942,4.612557403683379,0.3104647684497248,0.2751116427024243,0.04375,0.03125,MTHCCSPGCQPTCCRTTCCRTTCWQPTIVTTCSSTPCCQPSCCVSSCCQPYCHPTCCQNTCCRTTCCQPTCVTSCCQPSCCSTPCYQPICCGSSCCGQTSCGSSCGQSSSCAPVYCRRTCYHPTTVCLPGCLNQSCGSSCCQPCYCPACCVSSCCQHSCC,False,False,False,True,1,160,160,Keratin-associated protein 9-6,KRTAP9-6,0.6037498611111111,0.0,0.0,0.0,0.0,0.0,0.0,0.514,9.957,idrome_lowfcr
lowfcr_0032,Q9BYS1_1_174,Q9BYS1,174,0.516,10.017535071503612,5.977838449140767,0.9272947950688988,0.215110384380054,3.59800909054738,8.340357152801571,2.8010408824631887,0.0,0.0402298850574712,0.0344827586206896,0.0057471264367816,0.057471264367816,0.5010168100064428,4.750260760527699,-0.2073780556574836,0.1966091326860614,0.0919540229885057,0.0,MTCCQTSFCGYPSFSISGTCGSSCCQPSCCETSCCQPRSCQTSFCGFPSFSTSGTCSSSCCQPSCCETSCCQPSCCETSCCQPSCCQISSCGTGCGIGGGISYGQEGSSGAVSTRIRWCRPDSRVEGTYLPPCCVVSCTPPSCCQLHHAQASCCRPSYCGQSCCRPVCCCEPTC,False,False,False,True,1,174,174,Keratin-associated protein 1-5,KRTAP1-5,0.426874493670886,0.0,0.0,0.0,0.0,0.0,0.0,0.505,9.936,idrome_lowfcr
lowfcr_0033,Q99217_1_191,Q99217,191,0.503,10.033907610770516,5.845818666766736,0.9342459083014116,0.2224694804048681,3.920114354872878,8.95030829936567,3.0341356997283992,0.0157068062827225,0.0104712041884816,0.0261780104712041,0.0157068062827225,0.0785340314136125,0.4557951463252199,4.410772803567101,-0.2527339137181874,0.1269706494504523,0.0785340314136125,-0.0157068062827225,MGTWILFACLLGAAFAMPLPPHPGHPGYINFSYEVLTPLKWYQSIRPPYPSYGYEPMGGWLHHQIIPVLSQQHPPTHTLQPHHHIPVVPAQQPVIPQQPMMPVPGQHSMTPIQHHQPNLPPPAQQPYQPQPVQPQPHQPMQPQPPVHPMQPLPPQPPLPPMFPMQPLPPMLPDLTLEAWPSTDKTKREEVD,False,False,False,True,1,191,191,"Amelogenin, X isoform",AMELX,0.3530196571428571,0.0,0.0,0.0,0.0,-0.4142595788484269,0.0,0.527,9.993,idrome_lowfcr
lowfcr_0034,Q99218_1_206,Q99218,206,0.506,10.015365572978991,5.930643840054929,0.8530660855199979,0.2088529400296148,4.073709797658313,9.464671292088248,3.143755427237549,0.0145631067961165,0.0242718446601941,0.0242718446601941,0.0194174757281553,0.0728155339805825,0.4556483553125645,4.486509372216041,-0.5673673332071352,0.1605711030406608,0.0922330097087378,-0.0048543689320388,MGTWILFACLVGAAFAMPLPPHPGHPGYINFSYENSHSQAINVDRIALVLTPLKWYQSMIRPPYSSYGYEPMGGWLHHQIIPVVSQQHPLTHTLQSHHHIPVVPAQQPRVRQQALMPVPGQQSMTPTQHHQPNLPLPAQQPFQPQPVQPQPHQPMQPQPPVQPMQPLLPQPPLPPMFPLRPLPPILPDLHLEAWPATDKTKQEEVD,False,False,False,True,1,206,206,"Amelogenin, Y isoform",AMELY,0.4103348947368421,0.0,0.0,0.0,0.0,0.0358252543883262,0.0,0.52,9.983,idrome_lowfcr
lowfcr_0035,Q6ZRM9_1_215,Q6ZRM9,215,0.505,9.950629031731792,5.870429008226167,0.8965784472233513,0.2220328470161227,4.183191500951072,9.633043235660804,3.201623727197927,0.0046511627906976,0.055813953488372,0.0186046511627906,0.0093023255813953,0.0325581395348837,0.466948937474003,4.601712429626792,0.6421945438801812,0.1789133090888844,0.0976744186046511,0.0325581395348837,MASGRWASPGPAWASRRPLQAQVVLKSASPGPAPASQQASSFGSAPAQLPPAFVDPELSPAMLLSPTCLPVACTGPGLAGEQPLQAPLLPPRGISRPSSGLTAASRDQVPACLPAACVRPSSSVTVACSGPTHASGTLSRGVSPCLTLASLTLREFSVGPCLTLASLTLREVSMSPCLTLVSLTLRAILPHAGLLRPSSCLCWPFQAQPLPVGGL,False,False,False,True,1,215,215,,,0.4984243216080402,0.0,0.0,0.0,0.0,-0.3145964831027534,0.0,0.519,9.97,idrome_lowfcr
lowfcr_0036,Q538Z0_1_58,Q538Z0,58,0.538,10.155316480924116,6.201004395860165,0.961902373967046,0.2261916775788686,2.0847504967443413,4.924562632134466,1.7431210830152912,0.0344827586206896,0.0172413793103448,0.0,0.0,0.0862068965517241,0.4834301921827486,3.520826185711185,0.0148121535474916,0.2071333198396428,0.0862068965517241,0.0517241379310344,MKSVISYALYQVQTGSLPVYSSVLTKSPLQLQTVIYRLIVQIQHLNIPSSSSTHSSPF,False,False,False,True,1,58,58,Leucine zipper protein 6,LUZP6,0.7833728571428573,0.0,0.0,0.0,0.0,0.1398469060676639,0.0,0.547,10.137,idrome_lowfcr
lowfcr_0037,P02814_1_79,P02814,79,0.522,9.999847909083329,6.011299613467864,0.8860797563009701,0.2156053157867887,2.378265084676821,5.530286646973003,1.9496474198931248,0.0126582278481012,0.0379746835443038,0.0126582278481012,0.0,0.1139240506329113,0.5066205227644134,4.018012963499364,0.0057343824147556,0.225579857994696,0.0886075949367088,0.0379746835443038,MKSLTWILGLWALAACFTPGESQRGPRGPYPPGPLAPPQPFGPGFVPPPPPPPYGPGRIPPPPPAPYGPGIFPPPPPQP,False,False,False,True,1,79,79,Submaxillary gland androgen-regulated protein 3B,SMR3B,0.1881728571428571,0.0,-2.4392715513311,0.0,0.0,0.6951415000997507,0.0,0.526,10.043,idrome_lowfcr
lowfcr_0038,P31358_1_61,P31358,61,0.52,10.088259718259314,5.744281256468592,0.945084869396028,0.2390070421877914,2.1266857204265595,4.82822217285031,1.748819415117678,0.0163934426229508,0.0163934426229508,0.0,0.0163934426229508,0.1147540983606557,0.5205567487729074,3.814311590421189,-0.4783488733366499,0.3363435854714006,0.081967213114754,0.0163934426229508,MKRFLFLLLTISLLVMVQIQTGLSGQNDTSQTSSPSASSNISGGIFLFFVANAIIHLFCFS,False,False,False,True,1,61,61,CAMPATH-1 antigen,CD52,0.5572855555555556,0.0,2.4623040317793,0.0,0.0,2.3050368746878718,0.0,0.519,10.078,idrome_lowfcr
lowfcr_0039,A1A580_1_65,A1A580,65,0.512,10.055607605573249,6.166234601431198,0.8618636991798309,0.2091683818862385,2.0507508588121715,4.845619218277209,1.7482177660342997,0.0,0.0153846153846153,0.0307692307692307,0.0153846153846153,0.123076923076923,0.5558329305788734,4.185466075006176,-0.1467473697520603,0.2659038966371519,0.0923076923076923,-0.0307692307692307,MSYNCCCGNFSSHSCEGYLCYSGYSRGGSSYPSNLVYSTEPLISQHLPAGFLSLQGLSGDLLGNP,False,False,False,True,1,65,65,Keratin-associated protein 23-1,KRTAP23-1,0.4587716326530611,0.0,-1.112371078829919,0.0,0.0,1.1565192574167296,0.0,0.509,10.006,idrome_lowfcr
lowfcr_0040,Q6UWF5_1_114,Q6UWF5,114,0.521,10.016282156690435,6.055792639633196,0.9930751814554754,0.2075907644948069,2.939588173300096,6.887029273823054,2.335805116256312,0.0263157894736842,0.0,0.0350877192982456,0.0,0.1228070175438596,0.4894894042990669,4.217974574933386,-0.1784204208085738,0.179989320235435,0.0789473684210526,-0.0087719298245614,MQIQNNLFFCCYTVMSAIFKWLLLYSLPALCFLLGTQESESFHSKAEILVTLSQVIISPAGPHALTWTTHFSPSVIIILVPCWWHAVIVTQHPVANCYVTNHLNIQWLELKAGS,False,False,False,True,1,114,114,Putative uncharacterized protein UNQ5815/PRO19632,,0.7848377551020407,0.0,0.1630617512312384,0.0,0.0,1.5861017560169757,0.175438596491228,0.524,10.011,idrome_lowfcr
lowfcr_0041,Q6UXR8_1_122,Q6UXR8,122,0.504,9.933891616599604,5.907688893858856,0.8871831851710116,0.2225533955869045,2.9123064964992667,6.693761329578631,2.3417052855676985,0.0081967213114754,0.0327868852459016,0.0327868852459016,0.0,0.1147540983606557,0.5048522144718913,4.425889821305137,-0.1289262841347855,0.1828791650789327,0.0901639344262295,0.0081967213114754,MEPWWPRGTGANAPWVLVAVPPGLFPSLLGACCTLTSSSWLQPRFWGLGWRVEVGLEGAGGSSQNYQAALPSFFCLAASPASRPAIFGILAAEPPSASPQAPWPKPGCASPHGSHWPSILIC,False,False,False,True,1,122,122,Putative uncharacterized protein UNQ6493/PRO21345,,0.5250668867924528,0.0,0.1364826104680542,0.0,0.0,1.5540278741061575,0.0,0.514,9.978,idrome_lowfcr
lowfcr_0042,P59022_1_87,P59022,87,0.533,10.09227682374398,6.17901835461731,0.9316349523830416,0.215242817089315,2.588210743470168,6.131099794488964,2.0874478869320776,0.0,0.0229885057471264,0.0344827586206896,0.0114942528735632,0.0804597701149425,0.4658165131900681,3.794759014683324,-0.011003593838541,0.2172637811733746,0.0919540229885057,-0.0229885057471264,MQIVQGFPADAPLCALMWTCSFLLPGLQTETPYPCTSLCLSSSQSAHPPLPVRVFSAESGYGIPFCAEPCSRVTVCHLQAVPVCMPV,False,False,False,True,1,87,87,Down syndrome critical region protein 10,DSCR10,0.6024071830985915,0.0,0.0,0.0,0.0,1.392400641219379,0.0,0.537,10.082,idrome_lowfcr
lowfcr_0043,Q9P0S9_1_112,Q9P0S9,112,0.487,9.95086452243489,5.74133896095932,0.818244121374144,0.1971018508928009,2.768290697169828,6.280885055811718,2.2493363630405003,0.0267857142857142,0.0267857142857142,0.0,0.0178571428571428,0.1160714285714285,0.5187067368827293,4.4811527018022375,0.2601072813289026,0.1371372941593462,0.0892857142857142,0.0357142857142857,MQDTGSVVPLHWFGFGYAALVASGGIIGYVKAGSVPSLAAGLLFGSLAGLGAYQLSQDPRNVWVFLATSGTLAGIMGMRFYHSGKFMPAGLIAGASLLMVAKVGVSMFNRPH,False,False,False,True,1,112,112,Transmembrane protein 14C,TMEM14C,0.7119860416666667,0.0,0.834601379669602,0.0,0.0,-0.735439780082775,0.1785714285714285,0.518,9.967,idrome_lowfcr
lowfcr_0044,Q96N35_1_136,Q96N35,136,0.514,10.046266450611208,6.127186048343219,0.7994247044705035,0.2096036421548688,3.149877091370278,7.415665784688911,2.529701038696293,0.0294117647058823,0.0073529411764705,0.0147058823529411,0.0220588235294117,0.1029411764705882,0.4792077715084279,4.330253192430183,-0.1702428304634669,0.1974574238426482,0.088235294117647,0.0,MNCDALLHHSAIPEDFLHIFLLLQKISVSLPLSLSQSVCLFYSISLCVSLLLHISLCVSVYVSLSLSSFPCFSLTHTHTHSQLSKDTSVLTFTFCFKQHTHFTLNYTSHAHELSAPSVHPTCVFTFKAAPSPRPAT,False,False,False,True,1,136,136,Putative uncharacterized protein encoded by LINC00052,LINC00052,0.7380878333333333,0.0,1.3155312037919047,0.0,0.0,0.7805475409148828,0.1617647058823529,0.52,9.997,idrome_lowfcr
lowfcr_0045,Q99954_1_134,Q99954,134,0.517,10.001461209858723,6.162407523213859,0.8521300790628067,0.1986850254655136,3.1232076778249973,7.380086622635523,2.483756156136006,0.0074626865671641,0.044776119402985,0.0074626865671641,0.0074626865671641,0.1194029850746268,0.5082189704077508,4.574973812811919,0.183522813871213,0.1982055317494619,0.0820895522388059,0.0373134328358208,MKSLTWILGLWALAACFTPGESQRGPRGPYPPGPLAPPPPPCFPFGTGFVPPPHPPPYGPGRFPPPLSPPYGPGRIPPSPPPPYGPGRIQSHSLPPPYGPGYPQPPSQPRPYPPGPPFFPVNSPTDPALPTPAP,False,False,False,True,1,134,134,Submaxillary gland androgen-regulated protein 3A,SMR3A,0.1632905084745762,0.0,-1.619576273864159,0.0,0.0,-0.2655093169086401,0.0,0.512,9.957,idrome_lowfcr
lowfcr_0046,Q15038_1_168,Q15038,168,0.51,9.997345054190548,5.914161073076507,0.8970465785039623,0.2264863195424941,3.6012225424877204,8.298444104796708,2.7916748153723967,0.0119047619047619,0.0178571428571428,0.0119047619047619,0.0178571428571428,0.1071428571428571,0.4780253920384982,4.475158080512526,-0.2153276431227928,0.2431821104752106,0.0714285714285714,0.0,MNSKGQYPTQPTYPVQPPGNPVYPQTLHLPQAPPYTDAPPAYSELYRPSFVHPGAATVPTMSAAFPGASLYLPMAQSVAVGPLGSTIPMAYYPVGPIYPPGSTVLVEGGYDAGARFGAGATAGNIPPPPPGCPPNAAQLAVMQGANVLVTQRKGNFFMGGSDGGYTIW,False,False,False,True,1,168,168,DAZ-associated protein 2,DAZAP2,0.3549513815789473,0.0,-0.6615310143883149,0.0,0.0,0.4291848809524292,0.0,0.515,9.978,idrome_lowfcr
lowfcr_0047,Q92567_1_244,Q92567,244,0.511,9.980785079073176,6.071345765580983,0.9127418398636564,0.2095181091166965,4.323479612164639,10.08601784079966,3.328530637585099,0.0122950819672131,0.0204918032786885,0.0122950819672131,0.0040983606557377,0.1229508196721311,0.4717157824071372,4.778802182597047,0.1420707252645695,0.196835734379275,0.0573770491803278,0.0163934426229508,MNPVYSPVQPGAPYGNPKNMAYTGYPTAYPAAAPAYNPSLYPTNSPSYAPEFQFLHSAYATLLMKQAWPQNSSSCGTEGTFHLPVDTGTENRTYQASSAAFRYTAGTPYKVPPTQSNTAPPPYSPSPNPYQTAMYPIRSAYPQQNLYAQGAYYTQPVYAAQPHVIHHTTVVQPNSIPSAIYPAPVAAPRTNGVAMGMVAGTTMAMSAGTLLTTPQHTAIGAHPVSMPTYRAQGTPAYSYVPPHW,False,False,False,True,1,244,244,Protein FAM168A,FAM168A,0.3908861403508772,0.0,-2.176030646809306,0.0,0.0,0.5718293627426895,0.0,0.516,9.947,idrome_lowfcr
lowfcr_0048,Q8N816_1_258,Q8N816,258,0.456,9.891228485582532,5.719417746227721,0.804698030182158,0.1983391018537883,4.0113082483598825,9.077635202323547,3.2222317673244825,0.0116279069767441,0.0193798449612403,0.0310077519379844,0.0116279069767441,0.1124031007751938,0.5072733132939198,5.209381428357848,-0.6520491700328126,0.1969215144357931,0.0813953488372093,-0.0116279069767441,MVGILPLCCSGCVPSLCCSSYVPSVAPTAAHSVRVPHSAGHCGQRVLACSLPQVFLKPWIFVEHFSSWLSLELFSFLRYLGTLLCACGHRLREGLLLPCLLGVGSWLLFNNWTGGSWFSLHLQQVSLSQGSHVAAFLPEAIGPGVPVPVSGESTSAQQSHAGWQLSAEADACPSVLYSEVLEWNKNINTYTSFHDFCLILGIFLFCFVLAVIGLPYIKPGLSLSVALLWQSLILLSSLVQQDSQVHTWGCLFSTFTST,False,False,False,True,1,258,258,Uncharacterized protein KRT10-AS1,KRT10-AS1,0.6860127685950413,0.0,1.133909327450717,0.0,0.0,0.655850707651607,0.0775193798449612,0.492,9.881,idrome_lowfcr
lowfcr_0049,Q3LI61_1_65,Q3LI61,65,0.468,9.681648034062528,5.482353593168513,0.8812560104139292,0.2141076131280715,1.869699649840904,4.103866623086159,1.615008525371643,0.0,0.0615384615384615,0.0,0.0,0.2769230769230769,0.7255804699392774,5.448885342669573,0.4043587889612781,0.180192300147184,0.0923076923076923,0.0615384615384615,MCYYSNYYGGLRYGYGVLGGGYGCGCGYGHGYGGLGCGYGRGYGGYGYGCCRPSCYGRYWSCGFY,False,False,False,True,1,65,65,Keratin-associated protein 20-2,KRTAP20-2,0.3618930612244898,0.0,-0.9685049585886716,0.0,0.0,0.0,0.0,0.448,9.68,idrome_lowfcr
lowfcr_0050,Q3SYF9_1_63,Q3SYF9,63,0.446,9.706189522424658,5.486012161401573,0.7801628889184616,0.1945435955223844,1.7800316654700996,3.917926970997242,1.5838469174704342,0.0,0.0476190476190476,0.0,0.0,0.2698412698412698,0.7094626512074202,5.289739309482695,0.0450214910939222,0.3506815658170827,0.0793650793650793,0.0476190476190476,MSYSGSYYGGLGYGCGGFGGLGYGYSCGCGSFRRLGYGCGYGGYRYSCCHPSCYGGYWSSGFY,False,False,False,True,1,63,63,Keratin-associated protein 19-7,KRTAP19-7,0.4641578723404255,0.0,-1.8301435107269084,0.0,0.0,0.0,0.0,0.438,9.725,idrome_lowfcr
lowfcr_0051,Q3LI59_1_83,Q3LI59,83,0.466,9.70811411760434,5.561473920056483,0.8189979777432213,0.2031899702900938,2.098602572697447,4.672385402881738,1.7894369420188727,0.0,0.0602409638554216,0.0,0.0,0.2048192771084337,0.6817825533366173,5.4673966608698015,0.6664662132038729,0.2514786559350753,0.0843373493975903,0.0602409638554216,MCCNYYRNCCGGCGYGSGWSSGCGYGCGYGCGYGSGCRYGSGYGTGCGYGCGYGSGCGYGCGYSSSCCGYRPLCYRRCYSSCY,False,False,False,True,1,83,83,Keratin-associated protein 21-2,KRTAP21-2,0.3401794029850746,0.0,-3.481176814129416,0.0,0.0,0.0,0.0,0.458,9.714,idrome_lowfcr
lowfcr_0052,Q3LI58_1_79,Q3LI58,79,0.486,9.707745805177897,5.892154768554123,0.8736956808946407,0.2046579401224705,2.0525954038863814,4.689607910375402,1.7504848314300092,0.0,0.0379746835443038,0.0,0.0,0.2151898734177215,0.6807540922116739,5.405813748900848,0.1780538257562696,0.3597830614414546,0.0632911392405063,0.0379746835443038,MCCNYYGNSCGYGSGCGCGYGSGSGCGCGYGTGYGCGYGCGFGSHYGCGYGTGYGCGYGSGSGYCGYRPFCFRRCYSSC,False,False,False,True,1,79,79,Keratin-associated protein 21-1,KRTAP21-1,0.2658565079365079,0.0,-2.6936397707240114,0.0,0.0,0.0,0.0,0.445,9.724,idrome_lowfcr
lowfcr_0053,Q3LI64_1_71,Q3LI64,71,0.454,9.724318236523349,5.457079786539634,0.8824473911366548,0.2015034236338175,1.897971730895512,4.162690121356887,1.6576570948964928,0.0,0.0422535211267605,0.0,0.0,0.2535211267605634,0.7143270743028225,5.487453377879303,0.067884938404506,0.3538952253010612,0.0704225352112676,0.0422535211267605,MCGSYYGNYYGTPGYGFCGYGGLGYGYGGLGCGYGSCCGCGFRRLGCGYGYGSRSLCGYGYGCGSGSGYYY,False,False,False,True,1,71,71,Keratin-associated protein 6-1,KRTAP6-1,0.404785090909091,0.0,-0.5112246372720033,0.0,0.0,0.0,0.0,0.43,9.681,idrome_lowfcr
lowfcr_0054,Q8IUB9_1_90,Q8IUB9,90,0.435,9.620024690874612,5.469661028595695,0.8543990934575569,0.1897465285306111,2.0646908458073763,4.522284779103115,1.7958843621084049,0.0,0.0333333333333333,0.0,0.0,0.2777777777777778,0.7196635886587002,5.881089679605111,0.0710271775890044,0.3590083824444516,0.0555555555555555,0.0333333333333333,MSHYGSYYGGLGYSCGGFGGLGYGYGCGCGSFCRRGSGCGYGGYGYGSGFGSYGYGSGFGGYGYGSGFGGYGYGCCRPSYNGGYGFSGFY,False,False,False,True,1,90,90,Keratin-associated protein 19-1,KRTAP19-1,0.2508414864864865,0.0,-1.9042217597728035,0.0,0.0,0.0,0.0,0.417,9.601,idrome_lowfcr
lowfcr_0055,Q3LI67_1_103,Q3LI67,103,0.425,9.717676509264711,5.279176330912398,0.781271611743162,0.2033771238208602,2.196430314605178,4.710951355792055,1.9022442156578496,0.0,0.029126213592233,0.0,0.0194174757281553,0.233009708737864,0.6941228904613638,5.840228649221436,-0.1605687403457941,0.2236903733449667,0.0679611650485436,0.0097087378640776,MCGSYYRNYNGGHGYGCCGYGGLGCGYGGCGYGCCGYGGLGFGYGGLDCGYGGLGCGYGSFCGCGYRGLDCGYGCGYGYVSHSFCGCGYRCGSGYGSSFGYYY,False,False,False,True,1,103,103,Keratin-associated protein 6-3,KRTAP6-3,0.3497225287356322,0.0,-3.4169795370433045,0.0,0.0,0.0,0.0,0.429,9.635,idrome_lowfcr
lowfcr_0056,Q8IUC3_1_87,Q8IUC3,87,0.454,9.861870112728845,5.4418131801696,0.880726447917721,0.2033068201126454,2.2488217096803167,4.896400510843354,1.8967788263556529,0.0,0.0344827586206896,0.0,0.0,0.2183908045977011,0.6252350951602086,5.0381740868055,0.0603888620422665,0.2285954486237108,0.057471264367816,0.0344827586206896,MTRYFCCGSYFPGYPIYGTNFHGTFRATPLNCVVPLGSPLNYGCGCNGYSSLGYSFGGSNINNLGGCYGGSFYRPWGSGSGFGYSTY,False,False,False,True,1,87,87,Keratin-associated protein 7-1,KRTAP7-1,0.4365974647887324,0.0,-0.286158673441556,0.0,0.0,0.6671595535482637,0.0,0.477,9.829,idrome_lowfcr
lowfcr_0057,Q3LI76_1_137,Q3LI76,137,0.46,9.914785438903802,5.57674269454347,0.831078449310624,0.2228823893955078,2.896269147896601,6.456162751744492,2.381006237061888,0.0072992700729927,0.0364963503649635,0.0145985401459854,0.0072992700729927,0.1532846715328467,0.5531523297679707,4.962295151186892,-0.0293147163483731,0.2318855926754769,0.0802919708029197,0.0218978102189781,MSYNCSSGNFSSCCFGSYLRYPVSTYNLFYPSNAIYSPNTCQLGSSLYNGCQETYCEPTSCQTSCTLARSYQTSCYCPKNSIFCSPRQTNYIRSLGCGNTGLGSLGCGSTGFQSLDCGSSFYHPTTFSSRNFQATCY,False,False,False,True,1,137,137,Keratin-associated protein 15-1,KRTAP15-1,0.4737006611570248,0.0,-2.1122094259437603,0.0,0.0,-1.268208062026104,0.0,0.489,9.882,idrome_lowfcr
